"";"ibge";"cen.saude";"cen.saude.ba";"cen.saude.ba.adj";"mod.saude";"mod.saude.ba";"mod.saude.ba.adj";"degree.saude";"degree.saude.ba";"polo.saude"
"2900108";"2900108";6,69473665686118e-19;0;0;2;2;3;0;0;"NO"
"2900207";"2900207";6,69473665686118e-19;0;0;2;3;5;0;0;"NO"
"2900306";"2900306";6,69473665686118e-19;0;0;2;3;2;0;0;"NO"
"2900355";"2900355";6,69473665686118e-19;0;0;25;21;11;0;0;"NO"
"2900405";"2900405";6,69473665686118e-19;0;0;2;3;2;0;0;"NO"
"2900504";"2900504";6,69473665686118e-19;0;0;2;5;1;0;0;"NO"
"2900603";"2900603";6,69473665686118e-19;0;0;2;8;8;0;0;"NO"
"2900702";"2900702";0;0;7,34004870772687e-17;2;11;14;13;13;"YES"
"2900801";"2900801";6,69473665686118e-19;0;0;11;18;9;0;0;"NO"
"2900900";"2900900";6,69473665686118e-19;0;0;2;7;7;0;0;"NO"
"2901007";"2901007";0;0;7,08288950494046e-18;2;6;6;1;1;"YES"
"2901106";"2901106";6,69473665686118e-19;0;0;2;3;2;0;0;"NO"
"2901155";"2901155";6,69473665686118e-19;0;0;2;2;3;0;0;"NO"
"2901205";"2901205";6,69473665686118e-19;0;0;2;5;1;0;0;"NO"
"2901304";"2901304";6,69473665686118e-19;0;0;2;3;2;0;0;"NO"
"2901353";"2901353";6,69473665686118e-19;0;0;2;9;5;0;0;"NO"
"2901403";"2901403";6,69473665686118e-19;0;0;2;4;4;0;0;"NO"
"2901502";"2901502";6,69473665686118e-19;0;0;2;3;2;0;0;"NO"
"2901601";"2901601";0;0;6,93127060738194e-18;2;1;2;1;1;"YES"
"2901700";"2901700";6,69473665686118e-19;0;0;2;3;2;0;0;"NO"
"2901809";"2901809";6,69473665686118e-19;0;0;2;13;5;0;0;"NO"
"2901908";"2901908";6,69473665686118e-19;0;0;2;11;14;0;0;"NO"
"2901957";"2901957";6,69473665686118e-19;0;0;2;8;8;0;0;"NO"
"2902005";"2902005";6,69473665686118e-19;0;0;2;5;1;0;0;"NO"
"2902054";"2902054";6,69473665686118e-19;0;0;2;11;14;0;0;"NO"
"2902104";"2902104";6,69473665686118e-19;0;0;2;3;2;0;0;"NO"
"2902203";"2902203";6,69473665686118e-19;0;0;2;11;14;0;0;"NO"
"2902252";"2902252";6,69473665686118e-19;0;0;2;7;7;0;0;"NO"
"2902302";"2902302";6,69473665686118e-19;0;0;2;6;6;0;0;"NO"
"2902500";"2902500";6,69473665686118e-19;0;0;2;4;4;0;0;"NO"
"2902609";"2902609";6,69473665686118e-19;0;0;2;3;2;0;0;"NO"
"2902658";"2902658";6,69473665686118e-19;0;0;2;1;2;0;0;"NO"
"2902708";"2902708";0;0;1,22023566381455e-17;2;2;3;2;2;"YES"
"2902807";"2902807";6,69473665686118e-19;0;0;2;5;1;0;0;"NO"
"2902906";"2902906";6,69473665686118e-19;0;0;2;5;1;0;0;"NO"
"2903003";"2903003";6,69473665686118e-19;0;0;2;2;3;0;0;"NO"
"2903102";"2903102";6,69473665686118e-19;0;0;2;8;8;0;0;"NO"
"2903201";"2903201";0;0;3,06456520316606e-16;2;4;4;25;24;"YES"
"2903235";"2903235";6,69473665686118e-19;0;0;2;2;3;0;0;"NO"
"2903276";"2903276";6,69473665686118e-19;0;0;2;3;2;0;0;"NO"
"2903300";"2903300";6,69473665686118e-19;0;0;2;7;7;0;0;"NO"
"2903409";"2903409";6,69473665686118e-19;0;0;2;10;12;0;0;"NO"
"2903508";"2903508";6,69473665686118e-19;0;0;2;5;1;0;0;"NO"
"2903607";"2903607";6,69473665686118e-19;0;0;2;3;2;0;0;"NO"
"2903706";"2903706";6,69473665686118e-19;0;0;2;5;1;0;0;"NO"
"2903805";"2903805";6,69473665686118e-19;0;0;2;3;2;0;0;"NO"
"2903904";"2903904";0;0;1,06226401915162e-17;2;15;4;2;2;"YES"
"2903953";"2903953";6,69473665686118e-19;0;0;2;5;1;0;0;"NO"
"2904001";"2904001";6,69473665686118e-19;0;0;2;2;3;0;0;"NO"
"2904050";"2904050";6,69473665686118e-19;0;0;2;2;3;0;0;"NO"
"2904100";"2904100";6,69473665686118e-19;0;0;2;5;1;0;0;"NO"
"2904209";"2904209";6,69473665686118e-19;0;0;2;5;1;0;0;"NO"
"2904308";"2904308";6,69473665686118e-19;0;0;2;8;8;0;0;"NO"
"2904407";"2904407";6,69473665686118e-19;0;0;2;4;4;0;0;"NO"
"2904506";"2904506";6,69473665686118e-19;0;0;2;4;4;0;0;"NO"
"2904605";"2904605";0;0;1,42835165895493e-17;2;5;1;3;3;"YES"
"2904704";"2904704";6,69473665686118e-19;0;0;2;7;7;0;0;"NO"
"2904753";"2904753";6,69473665686118e-19;0;0;2;2;3;0;0;"NO"
"2904803";"2904803";6,69473665686118e-19;0;0;2;5;1;0;0;"NO"
"2904852";"2904852";6,69473665686118e-19;0;0;2;3;2;0;0;"NO"
"2904902";"2904902";0;0;9,91197954876982e-18;2;3;2;3;3;"YES"
"2905008";"2905008";0;0;6,10414293438812e-18;2;14;10;1;1;"YES"
"2905107";"2905107";6,69473665686118e-19;0;0;2;3;2;0;0;"NO"
"2905156";"2905156";6,69473665686118e-19;0;0;2;5;1;0;0;"NO"
"2905206";"2905206";6,69473665686118e-19;0;0;2;16;1;0;0;"NO"
"2905305";"2905305";6,69473665686118e-19;0;0;2;2;3;0;0;"NO"
"2905404";"2905404";6,69473665686118e-19;0;0;2;6;6;0;0;"NO"
"2905503";"2905503";6,69473665686118e-19;0;0;2;3;2;0;0;"NO"
"2905602";"2905602";0;0;6,47260226644374e-18;2;7;7;1;1;"YES"
"2905800";"2905800";6,69473665686118e-19;0;0;2;6;6;0;0;"NO"
"2905909";"2905909";6,69473665686118e-19;0;0;12;22;15;0;0;"NO"
"2906006";"2906006";0;0;6,64497347120999e-18;2;13;5;1;1;"YES"
"2906105";"2906105";6,69473665686118e-19;0;0;2;4;4;0;0;"NO"
"2906204";"2906204";6,69473665686118e-19;0;0;2;2;3;0;0;"NO"
"2906303";"2906303";6,69473665686118e-19;0;0;2;19;16;0;0;"NO"
"2906402";"2906402";6,69473665686118e-19;0;0;2;3;2;0;0;"NO"
"2906600";"2906600";6,69473665686118e-19;0;0;27;16;10;0;0;"NO"
"2906709";"2906709";6,69473665686118e-19;0;0;2;5;1;0;0;"NO"
"2906808";"2906808";6,69473665686118e-19;0;0;2;3;2;0;0;"NO"
"2906824";"2906824";6,69473665686118e-19;0;0;2;3;2;0;0;"NO"
"2906857";"2906857";6,69473665686118e-19;0;0;2;3;2;0;0;"NO"
"2906873";"2906873";0;0;6,68647808562545e-18;2;3;2;1;1;"YES"
"2906899";"2906899";6,69473665686118e-19;0;0;2;5;1;0;0;"NO"
"2906907";"2906907";6,69473665686118e-19;0;0;11;18;9;0;0;"NO"
"2907004";"2907004";6,69473665686118e-19;0;0;2;11;14;0;0;"NO"
"2907103";"2907103";6,69473665686118e-19;0;0;2;16;1;0;0;"NO"
"2907202";"2907202";6,69473665686118e-19;0;0;2;23;5;0;0;"NO"
"2907301";"2907301";6,69473665686118e-19;0;0;2;6;6;0;0;"NO"
"2907400";"2907400";6,69473665686118e-19;0;0;2;4;4;0;0;"NO"
"2907509";"2907509";0;0;4,69256252778882e-18;2;3;2;1;1;"YES"
"2907558";"2907558";6,69473665686118e-19;0;0;2;5;1;0;0;"NO"
"2907608";"2907608";6,69473665686118e-19;0;0;2;2;3;0;0;"NO"
"2907707";"2907707";6,69473665686118e-19;0;0;2;3;5;0;0;"NO"
"2907806";"2907806";0;0;5,84452733605467e-18;2;17;11;1;1;"YES"
"2907905";"2907905";6,69473665686118e-19;0;0;2;1;2;0;0;"NO"
"2908002";"2908002";6,69473665686118e-19;0;0;2;7;7;0;0;"NO"
"2908101";"2908101";6,69473665686118e-19;0;0;2;16;1;0;0;"NO"
"2908200";"2908200";6,69473665686118e-19;0;0;2;3;2;0;0;"NO"
"2908309";"2908309";6,69473665686118e-19;0;0;2;6;6;0;0;"NO"
"2908408";"2908408";0;0;2,17907696010641e-17;2;3;2;5;5;"YES"
"2908507";"2908507";6,69473665686118e-19;0;0;2;3;2;0;0;"NO"
"2908606";"2908606";6,69473665686118e-19;0;0;2;3;2;0;0;"NO"
"2908705";"2908705";6,69473665686118e-19;0;0;2;5;1;0;0;"NO"
"2908804";"2908804";6,69473665686118e-19;0;0;2;5;1;0;0;"NO"
"2908903";"2908903";6,69473665686118e-19;0;0;2;3;2;0;0;"NO"
"2909000";"2909000";6,69473665686118e-19;0;0;2;5;1;0;0;"NO"
"2909109";"2909109";6,69473665686118e-19;0;0;2;4;4;0;0;"NO"
"2909208";"2909208";6,69473665686118e-19;0;0;25;24;11;0;0;"NO"
"2909307";"2909307";3,63059497016874e-19;0;1,98929922827409e-17;2;4;4;1;1;"YES"
"2909406";"2909406";6,69473665686118e-19;0;0;2;4;4;0;0;"NO"
"2909505";"2909505";6,69473665686118e-19;0;0;2;8;8;0;0;"NO"
"2909604";"2909604";6,69473665686118e-19;0;0;2;11;14;0;0;"NO"
"2909703";"2909703";6,69473665686118e-19;0;0;2;4;4;0;0;"NO"
"2909802";"2909802";0;0;5,85596228084261e-18;2;6;6;1;1;"YES"
"2909901";"2909901";6,69473665686118e-19;0;0;2;25;5;0;0;"NO"
"2910008";"2910008";6,69473665686118e-19;0;0;2;8;8;0;0;"NO"
"2910107";"2910107";6,69473665686118e-19;0;0;2;5;1;0;0;"NO"
"2910206";"2910206";6,69473665686118e-19;0;0;2;6;6;0;0;"NO"
"2910305";"2910305";6,69473665686118e-19;0;0;2;6;6;0;0;"NO"
"2910404";"2910404";6,69473665686118e-19;0;0;2;5;1;0;0;"NO"
"2910503";"2910503";6,69473665686118e-19;0;0;2;11;14;0;0;"NO"
"2910602";"2910602";6,69473665686118e-19;0;0;2;3;2;0;0;"NO"
"2910701";"2910701";0;0;1,32509834268463e-17;2;3;2;3;3;"YES"
"2910727";"2910727";0;0;4,64953325406831e-17;2;10;12;8;7;"YES"
"2910750";"2910750";6,69473665686118e-19;0;0;2;17;11;0;0;"NO"
"2910776";"2910776";6,69473665686118e-19;0;0;2;16;1;0;0;"NO"
"2910859";"2910859";6,69473665686118e-19;0;0;2;9;5;0;0;"NO"
"2910909";"2910909";6,69473665686118e-19;0;0;2;7;1;0;0;"NO"
"2911006";"2911006";6,69473665686118e-19;0;0;2;7;7;0;0;"NO"
"2911105";"2911105";6,69473665686118e-19;0;0;2;4;4;0;0;"NO"
"2911204";"2911204";0;0;1,27749509104894e-17;2;6;6;2;2;"YES"
"2911253";"2911253";6,69473665686118e-19;0;0;2;3;2;0;0;"NO"
"2911303";"2911303";6,69473665686118e-19;0;0;2;2;3;0;0;"NO"
"2911402";"2911402";6,69473665686118e-19;0;0;2;1;13;0;0;"NO"
"2911501";"2911501";6,69473665686118e-19;0;0;2;7;7;0;0;"NO"
"2911659";"2911659";6,69473665686118e-19;0;0;2;5;1;0;0;"NO"
"2911709";"2911709";0;0;1,00065084256834e-16;2;16;1;20;20;"YES"
"2911808";"2911808";6,69473665686118e-19;0;0;2;10;12;0;0;"NO"
"2911857";"2911857";6,69473665686118e-19;0;0;2;1;11;0;0;"NO"
"2911907";"2911907";6,69473665686118e-19;0;0;2;3;2;0;0;"NO"
"2912004";"2912004";6,69473665686118e-19;0;0;2;16;1;0;0;"NO"
"2912103";"2912103";6,69473665686118e-19;0;0;2;7;7;0;0;"NO"
"2912202";"2912202";6,69473665686118e-19;0;0;2;5;1;0;0;"NO"
"2912301";"2912301";6,69473665686118e-19;0;0;2;7;7;0;0;"NO"
"2912400";"2912400";6,69473665686118e-19;0;0;2;2;3;0;0;"NO"
"2912509";"2912509";6,69473665686118e-19;0;0;2;5;1;0;0;"NO"
"2912608";"2912608";6,69473665686118e-19;0;0;2;3;2;0;0;"NO"
"2912707";"2912707";6,69473665686118e-19;0;0;2;7;7;0;0;"NO"
"2912806";"2912806";6,69473665686118e-19;0;0;11;18;9;0;0;"NO"
"2912905";"2912905";6,69473665686118e-19;0;0;2;7;7;0;0;"NO"
"2913002";"2913002";6,69473665686118e-19;0;0;2;2;3;0;0;"NO"
"2913101";"2913101";6,69473665686118e-19;0;0;2;2;3;0;0;"NO"
"2913200";"2913200";0;0;1,46096242742422e-17;2;4;4;2;2;"YES"
"2913309";"2913309";6,69473665686118e-19;0;0;2;3;2;0;0;"NO"
"2913408";"2913408";6,69473665686118e-19;0;0;2;16;1;0;0;"NO"
"2913457";"2913457";6,69473665686118e-19;0;0;2;6;6;0;0;"NO"
"2913507";"2913507";6,69473665686118e-19;0;0;2;7;7;0;0;"NO"
"2913606";"2913606";0;0,707106781186548;0,707106781186547;2;19;16;6;6;"YES"
"2913705";"2913705";6,69473665686118e-19;0;0;2;11;14;0;0;"NO"
"2913804";"2913804";6,69473665686118e-19;0;0;2;3;2;0;0;"NO"
"2913903";"2913903";0;0;1,15806344548608e-17;2;8;8;3;3;"YES"
"2914000";"2914000";0;0;6,51707149617459e-18;2;3;2;1;1;"YES"
"2914109";"2914109";6,69473665686118e-19;0;0;2;4;4;0;0;"NO"
"2914208";"2914208";6,69473665686118e-19;0;0;2;8;8;0;0;"NO"
"2914307";"2914307";6,69473665686118e-19;0;0;2;8;8;0;0;"NO"
"2914406";"2914406";0;0;1,90726408733251e-17;2;2;3;1;1;"YES"
"2914505";"2914505";6,69473665686118e-19;0;0;2;3;2;0;0;"NO"
"2914604";"2914604";0;0;4,7819414443831e-16;2;2;3;25;25;"YES"
"2914653";"2914653";6,69473665686118e-19;0;0;2;10;12;0;0;"NO"
"2914703";"2914703";0;0;6,40018094945349e-17;2;3;2;11;11;"YES"
"2914802";"2914802";0;0,707106781186547;0,707106781186547;2;7;7;37;37;"YES"
"2914901";"2914901";6,69473665686118e-19;0;0;2;19;16;0;0;"NO"
"2915007";"2915007";6,69473665686118e-19;0;0;2;3;2;0;0;"NO"
"2915106";"2915106";6,69473665686118e-19;0;0;2;8;8;0;0;"NO"
"2915205";"2915205";6,69473665686118e-19;0;0;2;8;8;0;0;"NO"
"2915304";"2915304";6,69473665686118e-19;0;0;2;10;12;0;0;"NO"
"2915353";"2915353";6,69473665686118e-19;0;0;2;2;3;0;0;"NO"
"2915403";"2915403";6,69473665686118e-19;0;0;2;7;7;0;0;"NO"
"2915502";"2915502";6,69473665686118e-19;0;0;2;7;7;0;0;"NO"
"2915601";"2915601";6,69473665686118e-19;0;0;11;18;9;0;0;"NO"
"2915700";"2915700";6,69473665686118e-19;0;0;2;8;8;0;0;"NO"
"2915809";"2915809";6,69473665686118e-19;0;0;2;5;1;0;0;"NO"
"2915908";"2915908";6,69473665686118e-19;0;0;2;11;14;0;0;"NO"
"2916005";"2916005";6,69473665686118e-19;0;0;11;18;9;0;0;"NO"
"2916203";"2916203";6,69473665686118e-19;0;0;2;7;7;0;0;"NO"
"2916302";"2916302";6,69473665686118e-19;0;0;2;10;12;0;0;"NO"
"2916401";"2916401";0;0;3,02119711626664e-17;2;5;1;6;6;"YES"
"2916500";"2916500";6,69473665686118e-19;0;0;2;11;14;0;0;"NO"
"2916609";"2916609";6,69473665686118e-19;0;0;2;7;7;0;0;"NO"
"2916708";"2916708";6,69473665686118e-19;0;0;2;8;8;0;0;"NO"
"2916807";"2916807";6,69473665686118e-19;0;0;2;5;1;0;0;"NO"
"2916856";"2916856";6,69473665686118e-19;0;0;2;3;2;0;0;"NO"
"2916906";"2916906";6,69473665686118e-19;0;0;2;8;8;0;0;"NO"
"2917003";"2917003";6,69473665686118e-19;0;0;2;9;5;0;0;"NO"
"2917102";"2917102";0;0;5,58957041893113e-18;2;7;1;1;1;"YES"
"2917201";"2917201";6,69473665686118e-19;0;0;2;5;1;0;0;"NO"
"2917300";"2917300";6,69473665686118e-19;0;0;2;6;6;0;0;"NO"
"2917334";"2917334";6,69473665686118e-19;0;0;2;16;1;0;0;"NO"
"2917359";"2917359";6,69473665686118e-19;0;0;2;4;4;0;0;"NO"
"2917409";"2917409";6,69473665686118e-19;0;0;2;5;1;0;0;"NO"
"2917508";"2917508";0;0;5,377981588707e-17;2;3;2;15;15;"YES"
"2917607";"2917607";0;0;6,02240425497808e-18;2;8;8;1;1;"YES"
"2917706";"2917706";6,69473665686118e-19;0;0;2;9;5;0;0;"NO"
"2917805";"2917805";6,69473665686118e-19;0;0;2;6;6;0;0;"NO"
"2917904";"2917904";6,69473665686118e-19;0;0;25;12;11;0;0;"NO"
"2918001";"2918001";0;0;6,27075431511304e-17;2;8;8;19;19;"YES"
"2918100";"2918100";6,69473665686118e-19;0;0;2;1;2;0;0;"NO"
"2918209";"2918209";6,69473665686118e-19;0;0;2;6;6;0;0;"NO"
"2918308";"2918308";6,69473665686118e-19;0;0;2;8;8;0;0;"NO"
"2918357";"2918357";6,69473665686118e-19;0;0;2;2;3;0;0;"NO"
"2918456";"2918456";6,69473665686118e-19;0;0;11;18;9;0;0;"NO"
"2918506";"2918506";6,69473665686118e-19;0;0;2;2;3;0;0;"NO"
"2918555";"2918555";6,69473665686118e-19;0;0;2;7;7;0;0;"NO"
"2918605";"2918605";6,69473665686118e-19;0;0;2;5;1;0;0;"NO"
"2918704";"2918704";6,69473665686118e-19;0;0;2;8;8;0;0;"NO"
"2918753";"2918753";6,69473665686118e-19;0;0;2;16;1;0;0;"NO"
"2918803";"2918803";6,69473665686118e-19;0;0;2;6;6;0;0;"NO"
"2918902";"2918902";6,69473665686118e-19;0;0;11;18;9;0;0;"NO"
"2919009";"2919009";6,69473665686118e-19;0;0;2;3;2;0;0;"NO"
"2919058";"2919058";6,69473665686118e-19;0;0;2;8;8;0;0;"NO"
"2919108";"2919108";6,69473665686118e-19;0;0;2;3;2;0;0;"NO"
"2919157";"2919157";6,69473665686118e-19;0;0;2;2;3;0;0;"NO"
"2919306";"2919306";6,69473665686118e-19;0;0;2;2;3;0;0;"NO"
"2919405";"2919405";6,69473665686118e-19;0;0;2;14;10;0;0;"NO"
"2919504";"2919504";0;0;1,19499408198637e-17;2;5;1;3;3;"YES"
"2919553";"2919553";6,69473665686118e-19;0;0;2;4;4;0;0;"NO"
"2919603";"2919603";6,69473665686118e-19;0;0;2;3;2;0;0;"NO"
"2919702";"2919702";6,69473665686118e-19;0;0;2;5;1;0;0;"NO"
"2919801";"2919801";0;0;5,41338756590223e-18;2;5;1;1;1;"YES"
"2919900";"2919900";6,69473665686118e-19;0;0;2;3;5;0;0;"NO"
"2919959";"2919959";6,69473665686118e-19;0;0;2;5;1;0;0;"NO"
"2920007";"2920007";6,69473665686118e-19;0;0;2;5;1;0;0;"NO"
"2920106";"2920106";6,69473665686118e-19;0;0;2;3;2;0;0;"NO"
"2920205";"2920205";6,69473665686118e-19;0;0;2;16;1;0;0;"NO"
"2920304";"2920304";6,69473665686118e-19;0;0;2;5;1;0;0;"NO"
"2920403";"2920403";6,69473665686118e-19;0;0;2;8;8;0;0;"NO"
"2920452";"2920452";6,69473665686118e-19;0;0;2;2;3;0;0;"NO"
"2920502";"2920502";0;0;5,82589261121508e-18;2;8;8;1;1;"YES"
"2920601";"2920601";6,69473665686118e-19;0;0;2;3;2;0;0;"NO"
"2920700";"2920700";6,69473665686118e-19;0;0;2;19;16;0;0;"NO"
"2920809";"2920809";6,69473665686118e-19;0;0;2;3;2;0;0;"NO"
"2920908";"2920908";6,69473665686118e-19;0;0;2;7;7;0;0;"NO"
"2921054";"2921054";6,69473665686118e-19;0;0;2;16;1;0;0;"NO"
"2921104";"2921104";6,69473665686118e-19;0;0;11;18;9;0;0;"NO"
"2921203";"2921203";6,69473665686118e-19;0;0;2;3;2;0;0;"NO"
"2921302";"2921302";6,69473665686118e-19;0;0;2;6;6;0;0;"NO"
"2921401";"2921401";6,69473665686118e-19;0;0;2;3;2;0;0;"NO"
"2921450";"2921450";6,69473665686118e-19;0;0;2;5;1;0;0;"NO"
"2921500";"2921500";0;0;6,06517941881442e-18;2;3;2;1;1;"YES"
"2921609";"2921609";6,69473665686118e-19;0;0;2;2;3;0;0;"NO"
"2921708";"2921708";6,69473665686118e-19;0;0;2;2;3;0;0;"NO"
"2921807";"2921807";6,69473665686118e-19;0;0;2;16;1;0;0;"NO"
"2921906";"2921906";6,69473665686118e-19;0;0;2;2;3;0;0;"NO"
"2922003";"2922003";6,69473665686118e-19;0;0;11;18;9;0;0;"NO"
"2922052";"2922052";6,69473665686118e-19;0;0;2;2;3;0;0;"NO"
"2922102";"2922102";6,69473665686118e-19;0;0;2;3;2;0;0;"NO"
"2922201";"2922201";6,69473665686118e-19;0;0;2;6;6;0;0;"NO"
"2922250";"2922250";6,69473665686118e-19;0;0;2;4;4;0;0;"NO"
"2922409";"2922409";6,69473665686118e-19;0;0;2;6;6;0;0;"NO"
"2922508";"2922508";6,69473665686118e-19;0;0;2;6;6;0;0;"NO"
"2922607";"2922607";6,69473665686118e-19;0;0;2;6;6;0;0;"NO"
"2922656";"2922656";6,69473665686118e-19;0;0;2;3;2;0;0;"NO"
"2922706";"2922706";6,69473665686118e-19;0;0;2;5;1;0;0;"NO"
"2922730";"2922730";6,69473665686118e-19;0;0;2;3;2;0;0;"NO"
"2922755";"2922755";6,69473665686118e-19;0;0;2;6;6;0;0;"NO"
"2922854";"2922854";6,69473665686118e-19;0;0;2;3;2;0;0;"NO"
"2922904";"2922904";6,69473665686118e-19;0;0;2;1;2;0;0;"NO"
"2923001";"2923001";6,69473665686118e-19;0;0;11;18;9;0;0;"NO"
"2923035";"2923035";6,69473665686118e-19;0;0;2;2;3;0;0;"NO"
"2923050";"2923050";6,69473665686118e-19;0;0;2;1;2;0;0;"NO"
"2923100";"2923100";6,69473665686118e-19;0;0;2;11;14;0;0;"NO"
"2923209";"2923209";6,69473665686118e-19;0;0;2;2;3;0;0;"NO"
"2923308";"2923308";6,69473665686118e-19;0;0;2;11;14;0;0;"NO"
"2923357";"2923357";6,69473665686118e-19;0;0;2;3;2;0;0;"NO"
"2923407";"2923407";6,69473665686118e-19;0;0;2;16;1;0;0;"NO"
"2923506";"2923506";6,69473665686118e-19;0;0;2;2;3;0;0;"NO"
"2923605";"2923605";0;0;2,06625217153214e-17;2;5;1;6;6;"YES"
"2923704";"2923704";6,69473665686118e-19;0;0;2;4;4;0;0;"NO"
"2923803";"2923803";6,69473665686118e-19;0;0;25;26;11;0;0;"NO"
"2923902";"2923902";6,69473665686118e-19;0;0;2;7;7;0;0;"NO"
"2924009";"2924009";0;0;4,28056570224433e-17;2;1;13;8;5;"YES"
"2924058";"2924058";6,69473665686118e-19;0;0;2;3;2;0;0;"NO"
"2924108";"2924108";6,69473665686118e-19;0;0;2;11;14;0;0;"NO"
"2924207";"2924207";6,69473665686118e-19;0;0;25;1;11;0;0;"NO"
"2924306";"2924306";6,69473665686118e-19;0;0;2;2;3;0;0;"NO"
"2924405";"2924405";6,69473665686118e-19;0;0;2;20;5;0;0;"NO"
"2924504";"2924504";6,69473665686118e-19;0;0;2;16;1;0;0;"NO"
"2924603";"2924603";6,69473665686118e-19;0;0;2;9;5;0;0;"NO"
"2924652";"2924652";6,69473665686118e-19;0;0;2;3;2;0;0;"NO"
"2924678";"2924678";6,69473665686118e-19;0;0;2;6;6;0;0;"NO"
"2924702";"2924702";6,69473665686118e-19;0;0;2;5;1;0;0;"NO"
"2924801";"2924801";6,69473665686118e-19;0;0;2;3;2;0;0;"NO"
"2924900";"2924900";6,69473665686118e-19;0;0;2;8;8;0;0;"NO"
"2925006";"2925006";6,69473665686118e-19;0;0;2;5;1;0;0;"NO"
"2925105";"2925105";6,69473665686118e-19;0;0;2;5;1;0;0;"NO"
"2925204";"2925204";6,69473665686118e-19;0;0;2;3;2;0;0;"NO"
"2925253";"2925253";6,69473665686118e-19;0;0;2;9;5;0;0;"NO"
"2925303";"2925303";6,69473665686118e-19;0;0;2;10;12;0;0;"NO"
"2925402";"2925402";6,69473665686118e-19;0;0;2;5;1;0;0;"NO"
"2925501";"2925501";6,69473665686118e-19;0;0;11;18;9;0;0;"NO"
"2925600";"2925600";6,69473665686118e-19;0;0;2;2;3;0;0;"NO"
"2925709";"2925709";6,69473665686118e-19;0;0;2;5;1;0;0;"NO"
"2925758";"2925758";6,69473665686118e-19;0;0;2;6;6;0;0;"NO"
"2925808";"2925808";0;0;6,28752556746867e-18;2;3;2;1;1;"YES"
"2925907";"2925907";6,69473665686118e-19;0;0;2;3;2;0;0;"NO"
"2925931";"2925931";6,69473665686118e-19;0;0;2;3;2;0;0;"NO"
"2925956";"2925956";6,69473665686118e-19;0;0;2;3;2;0;0;"NO"
"2926004";"2926004";0;0;5,83648052305576e-18;2;20;5;1;1;"YES"
"2926103";"2926103";6,69473665686118e-19;0;0;2;3;2;0;0;"NO"
"2926202";"2926202";6,69473665686118e-19;0;0;2;4;4;0;0;"NO"
"2926301";"2926301";6,69473665686118e-19;0;0;2;3;2;0;0;"NO"
"2926400";"2926400";6,69473665686118e-19;0;0;2;16;1;0;0;"NO"
"2926509";"2926509";6,69473665686118e-19;0;0;2;1;2;0;0;"NO"
"2926608";"2926608";0;0;4,76134160310587e-17;2;1;2;10;10;"YES"
"2926657";"2926657";6,69473665686118e-19;0;0;2;5;1;0;0;"NO"
"2926707";"2926707";6,69473665686118e-19;0;0;2;5;1;0;0;"NO"
"2926806";"2926806";6,69473665686118e-19;0;0;2;16;1;0;0;"NO"
"2926905";"2926905";6,69473665686118e-19;0;0;2;5;1;0;0;"NO"
"2927002";"2927002";0;0;6,03256865034513e-18;25;12;11;1;1;"YES"
"2927101";"2927101";6,69473665686118e-19;0;0;2;1;13;0;0;"NO"
"2927200";"2927200";0;0;5,5438306397794e-18;2;3;2;1;1;"YES"
"2927309";"2927309";6,69473665686118e-19;0;0;2;3;2;0;0;"NO"
"2927507";"2927507";6,69473665686118e-19;0;0;2;3;2;0;0;"NO"
"2927606";"2927606";6,69473665686118e-19;0;0;2;1;13;0;0;"NO"
"2927705";"2927705";6,69473665686118e-19;0;0;2;10;12;0;0;"NO"
"2927804";"2927804";6,69473665686118e-19;0;0;2;7;7;0;0;"NO"
"2927903";"2927903";6,69473665686118e-19;0;0;2;8;8;0;0;"NO"
"2928000";"2928000";6,69473665686118e-19;0;0;2;3;2;0;0;"NO"
"2928059";"2928059";6,69473665686118e-19;0;0;2;7;7;0;0;"NO"
"2928109";"2928109";0;0;2,29071590255453e-17;2;4;4;4;4;"YES"
"2928208";"2928208";6,69473665686118e-19;0;0;2;4;4;0;0;"NO"
"2928307";"2928307";6,69473665686118e-19;0;0;2;3;2;0;0;"NO"
"2928406";"2928406";6,69473665686118e-19;0;0;2;4;4;0;0;"NO"
"2928505";"2928505";6,69473665686118e-19;0;0;2;6;6;0;0;"NO"
"2928604";"2928604";0;0;6,37434644456224e-18;2;3;2;1;1;"YES"
"2928703";"2928703";0;0;1,42091470967803e-16;2;6;6;20;20;"YES"
"2928802";"2928802";6,69473665686118e-19;0;0;2;3;2;0;0;"NO"
"2928901";"2928901";6,69473665686118e-19;0;0;2;4;4;0;0;"NO"
"2928950";"2928950";6,69473665686118e-19;0;0;2;3;2;0;0;"NO"
"2929107";"2929107";6,69473665686118e-19;0;0;2;6;6;0;0;"NO"
"2929255";"2929255";6,69473665686118e-19;0;0;2;2;3;0;0;"NO"
"2929305";"2929305";6,69473665686118e-19;0;0;2;3;2;0;0;"NO"
"2929354";"2929354";6,69473665686118e-19;0;0;2;7;7;0;0;"NO"
"2929370";"2929370";6,69473665686118e-19;0;0;2;3;2;0;0;"NO"
"2929404";"2929404";6,69473665686118e-19;0;0;2;6;6;0;0;"NO"
"2929701";"2929701";6,69473665686118e-19;0;0;2;11;14;0;0;"NO"
"2929750";"2929750";6,69473665686118e-19;0;0;2;3;2;0;0;"NO"
"2929800";"2929800";6,69473665686118e-19;0;0;2;9;2;0;0;"NO"
"2929909";"2929909";0;0;4,34053563490994e-17;2;2;3;10;10;"YES"
"2930006";"2930006";6,69473665686118e-19;0;0;2;16;1;0;0;"NO"
"2930105";"2930105";0;0;3,02289118216115e-17;2;9;5;7;7;"YES"
"2930154";"2930154";6,69473665686118e-19;0;0;2;4;4;0;0;"NO"
"2930204";"2930204";6,69473665686118e-19;0;0;2;27;5;0;0;"NO"
"2930303";"2930303";6,69473665686118e-19;0;0;2;4;4;0;0;"NO"
"2930402";"2930402";6,69473665686118e-19;0;0;2;3;2;0;0;"NO"
"2930501";"2930501";0;0;2,53550842431102e-17;2;3;2;4;4;"YES"
"2930600";"2930600";6,69473665686118e-19;0;0;2;3;2;0;0;"NO"
"2930758";"2930758";6,69473665686118e-19;0;0;2;15;4;0;0;"NO"
"2930766";"2930766";6,69473665686118e-19;0;0;2;1;11;0;0;"NO"
"2930774";"2930774";6,69473665686118e-19;0;0;2;28;5;0;0;"NO"
"2930808";"2930808";6,69473665686118e-19;0;0;2;2;3;0;0;"NO"
"2930907";"2930907";6,69473665686118e-19;0;0;2;4;4;0;0;"NO"
"2931004";"2931004";6,69473665686118e-19;0;0;2;5;1;0;0;"NO"
"2931053";"2931053";6,69473665686118e-19;0;0;27;16;10;0;0;"NO"
"2931103";"2931103";6,69473665686118e-19;0;0;2;3;2;0;0;"NO"
"2931202";"2931202";6,69473665686118e-19;0;0;2;6;6;0;0;"NO"
"2931301";"2931301";6,69473665686118e-19;0;0;2;3;2;0;0;"NO"
"2931350";"2931350";0;0;1,16578838596504e-16;11;18;9;13;13;"YES"
"2931400";"2931400";6,69473665686118e-19;0;0;2;3;2;0;0;"NO"
"2931509";"2931509";6,69473665686118e-19;0;0;2;3;2;0;0;"NO"
"2931608";"2931608";6,69473665686118e-19;0;0;2;6;6;0;0;"NO"
"2931707";"2931707";6,69473665686118e-19;0;0;2;3;2;0;0;"NO"
"2931806";"2931806";6,69473665686118e-19;0;0;2;5;1;0;0;"NO"
"2931905";"2931905";6,69473665686118e-19;0;0;2;1;2;0;0;"NO"
"2932002";"2932002";6,69473665686118e-19;0;0;2;3;5;0;0;"NO"
"2932101";"2932101";6,69473665686118e-19;0;0;2;6;6;0;0;"NO"
"2932200";"2932200";6,69473665686118e-19;0;0;2;7;7;0;0;"NO"
"2932309";"2932309";6,69473665686118e-19;0;0;2;7;7;0;0;"NO"
"2932408";"2932408";6,69473665686118e-19;0;0;2;2;3;0;0;"NO"
"2932457";"2932457";6,69473665686118e-19;0;0;2;3;2;0;0;"NO"
"2932507";"2932507";6,69473665686118e-19;0;0;2;19;16;0;0;"NO"
"2932606";"2932606";6,69473665686118e-19;0;0;27;16;10;0;0;"NO"
"2932705";"2932705";6,69473665686118e-19;0;0;2;19;16;0;0;"NO"
"2932804";"2932804";0;0;7,6482839972327e-18;2;3;2;1;1;"YES"
"2932903";"2932903";0;0;4,9429454669972e-17;2;6;6;9;9;"YES"
"2933000";"2933000";0;0;1,07742590890747e-17;2;3;2;3;3;"YES"
"2933059";"2933059";6,69473665686118e-19;0;0;2;3;2;0;0;"NO"
"2933109";"2933109";6,69473665686118e-19;0;0;2;3;2;0;0;"NO"
"2933158";"2933158";6,69473665686118e-19;0;0;2;3;2;0;0;"NO"
"2933174";"2933174";6,69473665686118e-19;0;0;2;6;6;0;0;"NO"
"2933208";"2933208";6,69473665686118e-19;0;0;2;3;2;0;0;"NO"
"2933257";"2933257";6,69473665686118e-19;0;0;11;18;9;0;0;"NO"
"2933406";"2933406";6,69473665686118e-19;0;0;2;3;2;0;0;"NO"
"2933455";"2933455";6,69473665686118e-19;0;0;2;4;4;0;0;"NO"
"2933505";"2933505";6,69473665686118e-19;0;0;2;7;7;0;0;"NO"
"2933604";"2933604";6,69473665686118e-19;0;0;2;2;3;0;0;"NO"
"2927408";"2927408";0;0;2,25947732745979e-15;2;3;2;212;212;"YES"
"2910800";"2910800";0;0;4,05044379113428e-16;2;3;2;46;46;"YES"
"2933307";"2933307";0;0;8,14262936590926e-16;2;5;1;66;61;"YES"
