"";"ibge";"dist.ilheus";"dist.ssa";"dist.min.ilh.ssa";"dist.min.loc";"dist.min.nat";"dist.min.int";"dist.min.nat.wint";"nat.airport";"loc.airport"
"1";"2900801";296,313031477107;517,929453426331;296,313031477107;26,2109004678265;28,2066411457052;119,266001274332;28,2066411457052;"NO";"NO"
"2";"2900900";69,104311699246;245,717714043077;69,104311699246;69,104311699246;69,104311699246;202,163182598267;69,104311699246;"NO";"NO"
"3";"2901205";210,170042880299;341,52327358891;210,170042880299;32,3244827498978;32,3244827498978;288,007483277894;32,3244827498978;"NO";"NO"
"4";"2902252";62,4182606420792;283,848486581372;62,4182606420792;46,0709876278418;46,0709876278418;136,94859816668;46,0709876278418;"NO";"NO"
"5";"2902401";69,4384322111931;203,711965937446;69,4384322111931;69,4384322111931;69,4384322111931;203,711965937446;69,4384322111931;"NO";"NO"
"6";"2902906";166,896410646879;329,797716594341;166,896410646879;30,8940855705018;30,8940855705018;233,089572245965;30,8940855705018;"NO";"NO"
"7";"2903300";44,5238811475737;239,575089336547;44,5238811475737;44,5238811475737;44,5238811475737;188,081202102427;44,5238811475737;"NO";"NO"
"8";"2903409";124,87280678495;347,407239597443;124,87280678495;56,6222813687352;56,6222813687352;56,6222813687352;67,052681359127;"NO";"NO"
"9";"2903508";234,424218784984;387,797430658143;234,424218784984;39,6151219126338;39,6151219126338;277,787360279071;39,6151219126338;"NO";"NO"
"10";"2903953";172,928512635673;293,892376252359;172,928512635673;60,7098414025568;60,7098414025568;277,831701274566;60,7098414025568;"NO";"NO"
"11";"2904704";32,3341470748848;252,647148438139;32,3341470748848;32,3341470748848;32,3341470748848;160,859437671233;32,3341470748848;"NO";"NO"
"12";"2904803";140,66401757082;317,809473385477;140,66401757082;60,2429881404;60,2429881404;206,55357436448;60,2429881404;"NO";"NO"
"13";"2905008";352,231432843018;462,663118402762;352,231432843018;58,285054273924;158,824678385827;406,268850400814;158,824678385827;"NO";"YES"
"14";"2905602";86,9323647217818;308,843880742766;86,9323647217818;56,6521193547923;56,6521193547923;119,587104891574;56,6521193547923;"NO";"NO"
"15";"2906303";92,7987457367423;315,112072752854;92,7987457367423;34,8402138230516;34,8402138230516;87,1607650306282;34,8402138230516;"NO";"NO"
"16";"2906600";411,788452708747;515,140928967809;411,788452708747;23,5722720164305;218,068969813357;461,238103839074;218,068969813357;"NO";"NO"
"17";"2906709";247,705987620685;417,725742471656;247,705987620685;69,8251382870855;69,8251382870855;263,258453943399;69,8251382870855;"NO";"NO"
"18";"2906899";243,268420953531;372,3207003523;243,268420953531;52,3474149027046;52,3474149027046;309,980769649921;52,3474149027046;"NO";"NO"
"19";"2906907";322,229199906809;545,595387302984;322,229199906809;15,0234889018309;15,0234889018309;149,511099708043;15,0234889018309;"NO";"YES"
"20";"2908002";63,6539492235278;235,008187994349;63,6539492235278;63,6539492235278;63,6539492235278;207,342272907735;63,6539492235278;"NO";"NO"
"21";"2908705";324,974034353975;460,374511145056;324,974034353975;108,803502286297;127,991628728162;359,943208601034;127,991628728162;"NO";"NO"
"22";"2909000";310,312677930319;453,579068913463;310,312677930319;114,146269535973;114,146269535973;340,187845428822;114,146269535973;"NO";"NO"
"23";"2910008";112,476934183867;244,695265665722;112,476934183867;107,021653438013;107,021653438013;244,695265665722;107,021653438013;"NO";"NO"
"24";"2910404";228,215337494721;414,489804908042;228,215337494721;82,3315891753312;82,3315891753312;225,604767397862;82,3315891753312;"NO";"NO"
"25";"2910727";175,203772694587;399,77939247756;175,203772694587;58,2074677598227;58,2074677598227;58,2074677598227;123,009773307907;"NO";"NO"
"26";"2910909";95,3470268110254;282,021537908067;95,3470268110254;95,3470268110254;95,3470268110254;189,10629983223;95,3470268110254;"NO";"NO"
"27";"2911006";73,7073140299519;261,691938437731;73,7073140299519;73,7073140299519;73,7073140299519;189,412966144598;73,7073140299519;"NO";"NO"
"28";"2911659";318,762736508771;435,853522121583;318,762736508771;91,2429550373591;124,968100718402;374,188941470418;124,968100718402;"NO";"NO"
"29";"2911808";215,297483289063;439,155571977267;215,297483289063;92,3511698669732;92,3511698669732;92,3511698669732;111,249167043268;"NO";"NO"
"30";"2912103";57,7253883472449;253,40193773179;57,7253883472449;57,7253883472449;57,7253883472449;183,525401514578;57,7253883472449;"NO";"NO"
"31";"2912301";91,4924278497979;254,06905074156;91,4924278497979;91,4924278497979;91,4924278497979;215,822416529311;91,4924278497979;"NO";"NO"
"32";"2912806";340,406589159256;564,874018105187;340,406589159256;37,3380878189276;43,8163305052307;175,148756656184;43,8163305052307;"NO";"NO"
"33";"2913507";113,046143243379;268,161666809596;113,046143243379;89,5483931232432;89,5483931232432;226,077614798088;89,5483931232432;"NO";"NO"
"34";"2913606";18,4947488624239;224,646543377858;18,4947488624239;18,4947488624239;18,4947488624239;186,935035358407;18,4947488624239;"YES";"YES"
"35";"2914653";211,780077953763;435,94939561353;211,780077953763;56,0131858641366;56,0131858641366;56,0131858641366;96,1650349778845;"NO";"NO"
"36";"2914802";30,3524413913291;240,14720597833;30,3524413913291;30,3524413913291;30,3524413913291;177,356087830968;30,3524413913291;"NO";"NO"
"37";"2915304";160,598802379076;384,28340845151;160,598802379076;79,7980541257325;79,7980541257325;79,7980541257325;114,012896354605;"NO";"NO"
"38";"2915403";83,6420402999763;290,813950238768;83,6420402999763;81,96500406156;81,96500406156;158,890796974502;81,96500406156;"NO";"NO"
"39";"2915502";47,1252830637016;229,718232237515;47,1252830637016;47,1252830637016;47,1252830637016;199,395270451766;47,1252830637016;"NO";"NO"
"40";"2915601";254,976969957978;479,458678497964;254,976969957978;57,9895763354211;57,9895763354211;96,4372841553227;57,9895763354211;"NO";"NO"
"41";"2915809";160,2657573983;341,354802273932;160,2657573983;52,9614605330314;52,9614605330314;205,855583643598;52,9614605330314;"NO";"NO"
"42";"2916005";292,365081456908;515,293056145954;292,365081456908;88,0000055213028;88,0000055213028;157,298642524401;88,0000055213028;"NO";"NO"
"43";"2916203";52,0915064661028;259,437433212853;52,0915064661028;52,0915064661028;52,0915064661028;170,155537632153;52,0915064661028;"NO";"NO"
"44";"2916302";138,350670071853;361,967323228215;138,350670071853;84,4955701175277;84,4955701175277;84,4955701175277;93,3681145431623;"NO";"NO"
"45";"2916401";122,431133987028;324,127742030825;122,431133987028;99,1637383149506;99,1637383149506;163,814882065762;99,1637383149506;"NO";"NO"
"46";"2916609";73,7325396955668;222,824415672658;73,7325396955668;73,7325396955668;73,7325396955668;222,824415672658;73,7325396955668;"NO";"NO"
"47";"2916807";146,386149209445;360,452989239825;146,386149209445;118,867399509412;118,867399509412;132,114695062087;118,867399509412;"NO";"NO"
"48";"2917102";107,908048366377;298,661227102521;107,908048366377;94,3437618398256;94,3437618398256;183,041664989392;94,3437618398256;"NO";"NO"
"49";"2917409";354,082421668365;479,619280656323;354,082421668365;78,4729656759229;157,300450315306;392,812820616665;157,300450315306;"NO";"NO"
"50";"2918456";252,024358679577;475,777476049602;252,024358679577;88,0899804674542;88,0899804674542;117,756689490755;88,0899804674542;"NO";"NO"
"51";"2918555";61,3062635039925;277,288546594047;61,3062635039925;58,8105606368525;58,8105606368525;150,843161814586;58,8105606368525;"NO";"NO"
"52";"2918902";332,88290276725;557,142439889069;332,88290276725;68,2052023452504;68,2052023452504;180,322381583471;68,2052023452504;"NO";"NO"
"53";"2919405";371,018803812869;485,419540511146;371,018803812869;51,3175978588382;175,741563277422;417,410380213203;175,741563277422;"NO";"NO"
"54";"2919702";167,70201428022;368,032893841385;167,70201428022;90,4287594905133;90,4287594905133;172,409256949389;90,4287594905133;"NO";"NO"
"55";"2919959";268,176896581801;395,965541901339;268,176896581801;74,1548528066795;74,1548528066795;327,501199532927;74,1548528066795;"NO";"NO"
"56";"2920007";163,219701689424;371,106150829778;163,219701689424;110,126291580674;110,126291580674;152,721753879117;110,126291580674;"NO";"NO"
"57";"2920908";102,134629447308;326,591878296836;102,134629447308;55,8743296095712;55,8743296095712;92,9118861224124;55,8743296095712;"NO";"NO"
"58";"2921104";311,904172293933;535,947891919071;311,904172293933;68,0023436671151;68,0023436671151;164,017156618373;68,0023436671151;"NO";"NO"
"59";"2921807";354,122456245611;488,622599618992;354,122456245611;96,2244136364838;157,25168625607;383,239136077154;157,25168625607;"NO";"NO"
"60";"2922003";369,783270528469;593,524440062921;369,783270528469;1,1792703236599;62,8139042846487;197,88448713741;62,8139042846487;"NO";"YES"
"61";"2922706";123,557761466652;294,647066050755;123,557761466652;73,4770277626914;73,4770277626914;210,959601731071;73,4770277626914;"NO";"NO"
"62";"2923001";348,931532900255;572,132178136316;348,931532900255;22,8568364172293;41,8124610667114;175,205746015262;41,8124610667114;"NO";"NO"
"63";"2923902";100,993458696117;319,384197561928;100,993458696117;75,2714143751413;75,2714143751413;125,649944849069;75,2714143751413;"NO";"NO"
"64";"2924504";394,541938231217;501,932518677021;394,541938231217;30,0418143934893;200,284992389329;443,19872728025;200,284992389329;"NO";"NO"
"65";"2924702";289,414272902526;433,803695628984;289,414272902526;93,0883835621411;93,0883835621411;323,996115408974;93,0883835621411;"NO";"NO"
"66";"2925006";153,043433712227;305,370823046354;153,043433712227;46,9575871141047;46,9575871141047;240,136344587621;46,9575871141047;"NO";"NO"
"67";"2925105";148,599855359915;286,50405097728;148,599855359915;63,0985799322342;63,0985799322342;252,602209274166;63,0985799322342;"NO";"NO"
"68";"2925303";201,902572205231;423,900528382564;201,902572205231;29,5408371496877;29,5408371496877;29,5408371496877;107,836218378407;"YES";"YES"
"69";"2925402";124,361625416972;344,328706454382;124,361625416972;90,4468599014951;90,4468599014951;111,776230314513;90,4468599014951;"NO";"NO"
"70";"2925501";258,299930500454;480,002091961667;258,299930500454;55,1373549972063;55,1373549972063;81,7669755211208;55,1373549972063;"NO";"NO"
"71";"2925709";290,041803028587;417,719548498948;290,041803028587;94,4812487058518;94,4812487058518;342,723099506684;94,4812487058518;"NO";"NO"
"72";"2926657";186,668804269911;375,332439116107;186,668804269911;66,4526873400521;66,4526873400521;202,029973924609;66,4526873400521;"NO";"NO"
"73";"2927705";157,418465082442;379,418392787891;157,418465082442;26,5064889273732;26,5064889273732;26,5064889273732;99,1200423308603;"NO";"NO"
"74";"2927804";84,5312618019064;272,301858116724;84,5312618019064;84,5312618019064;84,5312618019064;188,389450766676;84,5312618019064;"NO";"NO"
"75";"2928059";73,8880418251357;298,462189258382;73,8880418251357;29,9918703829039;29,9918703829039;111,594246007524;29,9918703829039;"NO";"NO"
"76";"2929354";44,7320328892651;264,15996065911;44,7320328892651;44,7320328892651;44,7320328892651;153,867227303005;44,7320328892651;"NO";"NO"
"77";"2930006";441,749215207824;551,30461070653;441,749215207824;57,6440109344934;245,922596624477;480,684694523654;245,922596624477;"NO";"NO"
"78";"2931350";299,659011468585;523,825253961193;299,659011468585;16,7802214880181;16,7802214880181;132,477854995206;16,7802214880181;"YES";"YES"
"79";"2931806";263,741806506387;414,847144890014;263,741806506387;68,8538543802661;68,8538543802661;298,675948494565;68,8538543802661;"NO";"NO"
"80";"2932507";47,780609020706;272,202040713169;47,780609020706;20,9605598821277;20,9605598821277;133,59152634331;20,9605598821277;"YES";"YES"
"81";"2932606";393,145399942264;513,062106350056;393,145399942264;58,8418555600722;196,517290980691;429,870285546648;196,517290980691;"NO";"NO"
"82";"2932705";38,42435106242;204,313980777414;38,42435106242;38,42435106242;38,42435106242;204,313980777414;38,42435106242;"NO";"NO"
"83";"2933257";280,722402925007;505,29566475545;280,722402925007;48,355992864029;48,355992864029;125,227971188882;48,355992864029;"NO";"NO"
"84";"2933307";201,871846731411;360,49498787812;201,871846731411;13,0872238288303;13,0872238288303;253,66295425582;13,0872238288303;"YES";"YES"
"85";"2900108";337,503141804235;373,379187605615;337,503141804235;103,303153528992;103,303153528992;373,379187605615;103,303153528992;"NO";"NO"
"86";"2900207";664,203855020586;465,16396385919;465,16396385919;133,007407315973;133,007407315973;465,16396385919;133,007407315973;"NO";"NO"
"87";"2900306";365,781653120011;141,595591561955;141,595591561955;115,112474413905;141,595591561955;141,595591561955;209,999270193147;"NO";"NO"
"88";"2900355";482,842482642429;261,398495475677;261,398495475677;130,586597932104;130,586597932104;261,398495475677;130,586597932104;"NO";"YES"
"89";"2900405";332,025025470424;127,038185895127;127,038185895127;45,5334482200593;127,038185895127;127,038185895127;164,81559498583;"NO";"NO"
"90";"2900504";362,624441125951;409,053381709439;362,624441125951;116,025995430138;132,544882774995;409,053381709439;132,544882774995;"NO";"NO"
"91";"2900603";121,543599998014;213,538934451777;121,543599998014;121,543599998014;121,543599998014;213,538934451777;121,543599998014;"NO";"NO"
"92";"2900702";306,720343393463;88,4520894370794;88,4520894370794;55,5984393099236;88,4520894370794;88,4520894370794;145,720977079356;"NO";"NO"
"93";"2901007";206,589739759363;142,211131872814;142,211131872814;74,3122471204317;74,3122471204317;142,211131872814;74,3122471204317;"NO";"NO"
"94";"2901106";267,212495711569;69,0132441252769;69,0132441252769;31,8021743699842;69,0132441252769;69,0132441252769;101,381399644585;"NO";"NO"
"95";"2901155";463,657394582544;386,113445847113;386,113445847113;121,549954024961;121,549954024961;386,113445847113;121,549954024961;"NO";"NO"
"96";"2901304";329,760057207745;314,619840147516;314,619840147516;28,60597026144;28,60597026144;314,619840147516;28,60597026144;"NO";"NO"
"97";"2901353";509,162226703033;336,303918126853;336,303918126853;205,187465055893;205,187465055893;336,303918126853;205,187465055893;"NO";"NO"
"98";"2901403";683,341922618195;695,000214699514;683,341922618195;40,3771091856513;40,3771091856513;695,000214699514;40,3771091856513;"NO";"NO"
"99";"2901502";291,888698902374;124,312704343662;124,312704343662;31,5225489351399;124,312704343662;124,312704343662;125,199745412621;"NO";"NO"
"100";"2901601";494,368419621278;276,792584104757;276,792584104757;111,338550486782;111,338550486782;276,792584104757;111,338550486782;"NO";"NO"
"101";"2901700";269,843413274993;107,018553088562;107,018553088562;32,837357249686;102,826478569606;107,018553088562;102,826478569606;"NO";"NO"
"102";"2901809";488,543179460309;338,971130425149;338,971130425149;230,974530826479;230,974530826479;338,971130425149;230,974530826479;"NO";"NO"
"103";"2901908";353,793049052607;131,693506212425;131,693506212425;93,4091337223564;131,693506212425;131,693506212425;194,159214482309;"NO";"NO"
"104";"2901957";134,719328163354;184,745480771837;134,719328163354;100,532501867317;100,532501867317;184,745480771837;100,532501867317;"NO";"NO"
"105";"2902054";305,061894210224;81,6990667478267;81,6990667478267;75,4812656344362;81,6990667478267;81,6990667478267;149,910109817412;"NO";"NO"
"106";"2902104";398,537292777312;204,629077826237;204,629077826237;110,699886319628;204,629077826237;204,629077826237;219,953088275177;"NO";"NO"
"107";"2902203";310,331901180026;96,9169486509554;96,9169486509554;44,511270604146;96,9169486509554;96,9169486509554;146,383200856677;"NO";"NO"
"108";"2902302";191,596912837891;83,3386260301219;83,3386260301219;24,882503007451;24,882503007451;83,3386260301219;24,882503007451;"NO";"NO"
"109";"2902500";631,650301559065;664,819222683095;631,650301559065;88,981415028987;88,981415028987;664,819222683095;88,981415028987;"NO";"NO"
"110";"2902609";338,165870047485;225,253562720319;225,253562720319;134,528771686585;134,528771686585;225,253562720319;134,528771686585;"NO";"NO"
"111";"2902658";466,405270952898;256,124249436809;256,124249436809;141,552848811497;141,552848811497;256,124249436809;141,552848811497;"NO";"NO"
"112";"2902708";629,56068939703;587,258703994515;587,258703994515;213,426217491484;213,426217491484;587,258703994515;213,426217491484;"NO";"YES"
"113";"2902807";257,468009233811;311,762805036317;257,468009233811;130,686066297648;130,686066297648;311,762805036317;130,686066297648;"NO";"NO"
"114";"2903003";458,899444676486;425,30076136262;425,30076136262;107,442359016998;107,442359016998;425,30076136262;107,442359016998;"NO";"NO"
"115";"2903102";99,0445130145087;190,299646253628;99,0445130145087;99,0445130145087;99,0445130145087;190,299646253628;99,0445130145087;"NO";"NO"
"116";"2903201";767,979385457888;788,733218435567;767,979385457888;56,1614921199615;56,1614921199615;788,733218435567;56,1614921199615;"YES";"YES"
"117";"2903235";446,895079029611;399,338857342173;399,338857342173;92,5565026846421;92,5565026846421;399,338857342173;92,5565026846421;"NO";"NO"
"118";"2903276";362,936097988401;173,650412926735;173,650412926735;76,3830519753881;173,650412926735;173,650412926735;195,084002628424;"NO";"NO"
"119";"2903607";360,922505934961;157,367449951529;157,367449951529;71,7308292216029;157,367449951529;157,367449951529;193,10026042847;"NO";"NO"
"120";"2903805";285,59015140119;253,514024854599;253,514024854599;75,1583065948465;75,1583065948465;253,514024854599;75,1583065948465;"NO";"NO"
"121";"2903904";490,619223378006;540,594384457713;490,619223378006;12,5419736780711;228,688650710488;540,594384457713;228,688650710488;"NO";"YES"
"122";"2904001";374,912439040925;378,042228069809;374,912439040925;65,7266308651043;65,7266308651043;378,042228069809;65,7266308651043;"NO";"NO"
"123";"2904050";400,681950560434;342,101368830584;342,101368830584;56,9488205446815;56,9488205446815;342,101368830584;56,9488205446815;"NO";"NO"
"124";"2904100";460,234356867761;477,99595682719;460,234356867761;94,112706649907;159,620593919279;477,99595682719;159,620593919279;"NO";"NO"
"125";"2904209";412,510623663899;459,068920428839;412,510623663899;94,9026296972709;165,369213588086;459,068920428839;165,369213588086;"NO";"NO"
"126";"2904308";211,877288985878;166,823917295663;166,823917295663;96,2135625659963;96,2135625659963;166,823917295663;96,2135625659963;"NO";"NO"
"127";"2904407";578,262367607681;599,311313527344;578,262367607681;95,7344644797753;136,967038064271;599,311313527344;136,967038064271;"NO";"NO"
"128";"2904506";478,805339073494;459,381882495474;459,381882495474;136,464092311257;136,464092311257;459,381882495474;136,464092311257;"NO";"NO"
"129";"2904753";687,019359696249;636,624347887477;636,624347887477;220,529927486011;220,529927486011;636,624347887477;220,529927486011;"NO";"NO"
"130";"2904852";249,57229197851;101,948558192737;101,948558192737;51,0770569314443;83,7525502322282;101,948558192737;83,7525502322282;"NO";"NO"
"131";"2904902";241,088590789725;67,7519549006826;67,7519549006826;48,8708316718181;67,7519549006826;67,7519549006826;73,37801973085;"NO";"NO"
"132";"2905107";428,776893250474;290,109368598342;290,109368598342;183,090948745481;183,090948745481;290,109368598342;183,090948745481;"NO";"NO"
"133";"2905305";432,868324268993;369,501899290275;369,501899290275;85,5099691355421;85,5099691355421;369,501899290275;85,5099691355421;"NO";"NO"
"134";"2905404";144,934989107619;97,3412435545665;97,3412435545665;23,3261925053538;23,3261925053538;97,3412435545665;23,3261925053538;"NO";"YES"
"135";"2905503";437,552458289879;292,792657733814;292,792657733814;192,862992344441;196,825184270223;292,792657733814;196,825184270223;"NO";"NO"
"136";"2905701";254,132756934579;29,6653565754694;29,6653565754694;29,6653565754694;29,6653565754694;29,6653565754694;110,182088026631;"NO";"NO"
"137";"2905800";90,0156391952411;152,381109521187;90,0156391952411;81,3651188933749;81,3651188933749;152,381109521187;81,3651188933749;"NO";"NO"
"138";"2905909";736,326478609136;646,993202490407;646,993202490407;344,066372876558;344,066372876558;646,993202490407;344,066372876558;"NO";"NO"
"139";"2906006";536,947656729351;393,20075783656;393,20075783656;253,895361903241;253,895361903241;393,20075783656;253,895361903241;"NO";"NO"
"140";"2906105";590,145967426097;638,323227017011;590,145967426097;88,1553817354968;142,599773671269;638,323227017011;142,599773671269;"NO";"NO"
"141";"2906204";445,075023235005;388,664780360941;388,664780360941;92,6764566341065;92,6764566341065;388,664780360941;92,6764566341065;"NO";"NO"
"142";"2906402";326,186327795796;148,597914017105;148,597914017105;47,8029383012126;148,597914017105;148,597914017105;159,093146395959;"NO";"NO"
"143";"2906501";243,918522026183;30,7519125035178;30,7519125035178;30,7519125035178;30,7519125035178;30,7519125035178;88,046241086684;"NO";"NO"
"144";"2906808";454,45243279838;271,625696558099;271,625696558099;173,970479139886;199,084267935667;271,625696558099;199,084267935667;"NO";"NO"
"145";"2906824";525,564353628889;322,920597307489;322,920597307489;109,749401007101;109,749401007101;322,920597307489;109,749401007101;"NO";"NO"
"146";"2906857";356,678097594451;211,660937728053;211,660937728053;114,546901889327;181,634661255139;211,660937728053;181,634661255139;"NO";"NO"
"147";"2906873";399,289591004251;251,078275135942;251,078275135942;151,502104097397;190,702035039919;251,078275135942;190,702035039919;"NO";"NO"
"148";"2907004";329,570985720023;105,133031524289;105,133031524289;105,133031524289;105,133031524289;105,133031524289;180,416952291233;"NO";"NO"
"149";"2907202";665,807596586865;522,548953110471;522,548953110471;339,477451739402;339,477451739402;522,548953110471;339,477451739402;"NO";"NO"
"150";"2907301";233,310548822815;114,752951240191;114,752951240191;74,3224792157169;74,3224792157169;114,752951240191;74,3224792157169;"NO";"NO"
"151";"2907400";674,928320687222;696,691243027867;674,928320687222;39,7562442710501;39,7562442710501;696,691243027867;39,7562442710501;"NO";"NO"
"152";"2907509";282,711167031653;64,4885233965001;64,4885233965001;55,3123987055471;64,4885233965001;64,4885233965001;123,596948112324;"NO";"NO"
"153";"2907558";395,802960156116;434,963199756774;395,802960156116;117,302059276697;140,386889952491;434,963199756774;140,386889952491;"NO";"NO"
"154";"2907608";524,448119864904;455,230845150395;455,230845150395;172,325754773153;172,325754773153;455,230845150395;172,325754773153;"NO";"NO"
"155";"2907707";613,563380278835;413,286147794274;413,286147794274;104,084867968704;104,084867968704;413,286147794274;104,084867968704;"NO";"NO"
"156";"2907806";480,097105637941;265,286895844872;265,286895844872;125,079586951151;125,079586951151;265,286895844872;125,079586951151;"NO";"NO"
"157";"2907905";413,390418256605;199,780732219699;199,780732219699;127,409995870981;191,704556105813;199,780732219699;191,704556105813;"NO";"NO"
"158";"2908200";255,45632986136;85,8182274466331;85,8182274466331;35,3844068341872;85,8182274466331;85,8182274466331;87,3144309839304;"NO";"NO"
"159";"2908309";218,015396121462;99,9608553448857;99,9608553448857;55,7378463202301;55,7378463202301;99,9608553448857;55,7378463202301;"NO";"NO"
"160";"2908408";365,495584267179;184,261130679197;184,261130679197;84,4645820240601;184,261130679197;184,261130679197;198,666976847108;"NO";"NO"
"161";"2908507";275,999316576629;77,7475884464214;77,7475884464214;23,6264343775604;77,7475884464214;77,7475884464214;109,534036271483;"NO";"NO"
"162";"2908606";361,723699964528;138,558362476649;138,558362476649;138,558362476649;138,558362476649;138,558362476649;216,242321560768;"NO";"NO"
"163";"2908804";247,199383117276;317,301395217132;247,199383117276;116,044264456265;116,044264456265;317,301395217132;116,044264456265;"NO";"NO"
"164";"2908903";289,117057352447;91,9405504340427;91,9405504340427;13,0912242657745;91,9405504340427;91,9405504340427;121,829495189098;"NO";"NO"
"165";"2909109";586,959852670379;663,368350789375;586,959852670379;121,329696326549;203,944178120153;638,881457103088;203,944178120153;"NO";"NO"
"166";"2909208";516,863940912043;295,162935384187;295,162935384187;100,717489371124;100,717489371124;295,162935384187;100,717489371124;"NO";"NO"
"167";"2909307";702,856796607488;769,132979796529;702,856796607488;159,183157193433;159,183157193433;754,526418050419;159,183157193433;"NO";"NO"
"168";"2909406";668,674823187329;666,528111361692;666,528111361692;84,614610319059;84,614610319059;666,528111361692;84,614610319059;"NO";"NO"
"169";"2909505";174,067313932407;168,438117202943;168,438117202943;86,9527376325263;86,9527376325263;168,438117202943;86,9527376325263;"NO";"NO"
"170";"2909604";377,846198693504;155,892573312694;155,892573312694;111,163906655489;155,892573312694;155,892573312694;217,270222171379;"NO";"NO"
"171";"2909703";635,710789862699;649,947875264635;635,710789862699;82,639047949374;82,639047949374;649,947875264635;82,639047949374;"NO";"NO"
"172";"2909802";236,003412739427;90,0011900726344;90,0011900726344;58,333983439275;69,0894600901094;90,0011900726344;69,0894600901094;"NO";"NO"
"173";"2909901";622,725468190489;433,00305827824;433,00305827824;154,766513129613;154,766513129613;433,00305827824;154,766513129613;"NO";"NO"
"174";"2910057";258,108580809128;34,2545299004879;34,2545299004879;34,2545299004879;34,2545299004879;34,2545299004879;108,826918026274;"NO";"NO"
"175";"2910107";307,872692337744;381,818346389778;307,872692337744;118,283169739097;144,180243414687;381,818346389778;144,180243414687;"NO";"NO"
"176";"2910206";211,226838570795;91,9641014027261;91,9641014027261;46,7395032930717;46,7395032930717;91,9641014027261;46,7395032930717;"NO";"NO"
"177";"2910305";214,841557039522;130,67095236912;130,67095236912;70,37483166897;70,37483166897;130,67095236912;70,37483166897;"NO";"NO"
"178";"2910503";321,864422051839;97,3216606621607;97,3216606621607;94,8248945327721;97,3216606621607;97,3216606621607;170,097863097181;"NO";"NO"
"179";"2910602";341,965049909368;117,560097863454;117,560097863454;114,706329089956;117,560097863454;117,560097863454;192,532353855306;"NO";"NO"
"180";"2910701";481,404626467928;277,839615722554;277,839615722554;138,562254054494;138,562254054494;277,839615722554;138,562254054494;"NO";"NO"
"181";"2910750";475,767926283515;256,425355255577;256,425355255577;132,037115731029;132,037115731029;256,425355255577;132,037115731029;"NO";"NO"
"182";"2910800";290,552082175132;111,165048113473;111,165048113473;14,2924432539054;111,165048113473;111,165048113473;122,531383161612;"NO";"YES"
"183";"2910859";468,684215690927;312,865436213353;312,865436213353;212,064101779693;230,654832291812;312,865436213353;230,654832291812;"NO";"NO"
"184";"2911105";841,795000602108;836,150193168267;836,150193168267;142,964386479965;142,964386479965;836,150193168267;142,964386479965;"NO";"NO"
"185";"2911204";123,577386161519;158,985733528606;123,577386161519;76,0371745468594;76,0371745468594;158,985733528606;76,0371745468594;"NO";"NO"
"186";"2911253";374,094504245069;219,449242927958;219,449242927958;119,724258277078;198,018714756842;219,449242927958;198,018714756842;"NO";"NO"
"187";"2911303";540,161641103304;494,163672049101;494,163672049101;186,831701984447;186,831701984447;494,163672049101;186,831701984447;"NO";"NO"
"188";"2911402";625,517500253458;411,004206266608;411,004206266608;29,2436224761711;29,2436224761711;411,004206266608;29,2436224761711;"NO";"NO"
"189";"2911600";247,086901382026;89,0031591635339;89,0031591635339;45,9806475161767;79,4048506759796;89,0031591635339;79,4048506759796;"NO";"NO"
"190";"2911857";456,890001725463;239,146440142549;239,146440142549;149,030345204647;149,030345204647;239,146440142549;149,030345204647;"NO";"NO"
"191";"2911907";250,393368570967;194,56048802647;194,56048802647;131,723465527295;131,723465527295;194,56048802647;131,723465527295;"NO";"NO"
"192";"2912202";295,041924117514;331,094353736419;295,041924117514;99,8942662238805;99,8942662238805;331,094353736419;99,8942662238805;"NO";"NO"
"193";"2912400";495,181262648792;445,157688427494;445,157688427494;140,829553842693;140,829553842693;445,157688427494;140,829553842693;"NO";"NO"
"194";"2912509";419,734512196337;438,206038866588;419,734512196337;122,126409984325;124,786093938937;438,206038866588;124,786093938937;"NO";"NO"
"195";"2912608";313,301184694524;277,395818792484;277,395818792484;47,7561052565435;47,7561052565435;277,395818792484;47,7561052565435;"NO";"NO"
"196";"2912905";112,817094888433;184,048858187345;112,817094888433;101,753183352109;101,753183352109;184,048858187345;101,753183352109;"NO";"NO"
"197";"2913002";430,075393547841;431,627446325368;430,075393547841;109,793614024683;109,793614024683;431,627446325368;109,793614024683;"NO";"NO"
"198";"2913101";475,52588597765;417,909686166364;417,909686166364;122,045674510801;122,045674510801;417,909686166364;122,045674510801;"NO";"NO"
"199";"2913200";546,316268204939;539,389414419972;539,389414419972;137,148762529832;196,493685055033;539,389414419972;196,493685055033;"NO";"NO"
"200";"2913309";341,482642249025;158,293516773747;158,293516773747;58,275385855924;158,293516773747;158,293516773747;173,975619258284;"NO";"NO"
"201";"2913408";409,784306616126;486,189853424466;409,784306616126;38,4535174883301;217,417217590224;482,513739821164;217,417217590224;"NO";"NO"
"202";"2913457";106,20172597141;143,112869285494;106,20172597141;67,6078411029844;67,6078411029844;143,112869285494;67,6078411029844;"NO";"NO"
"203";"2913705";341,234759600223;124,010964366086;124,010964366086;69,9954768981202;124,010964366086;124,010964366086;177,893421833581;"NO";"NO"
"204";"2913804";279,42327658315;127,800585196146;127,800585196146;47,1908162953792;115,348322407964;127,800585196146;115,348322407964;"NO";"NO"
"205";"2913903";112,607687635399;197,963940620464;112,607687635399;112,607687635399;112,607687635399;197,963940620464;112,607687635399;"NO";"YES"
"206";"2914000";300,401491099877;177,263490103885;177,263490103885;95,8174307412827;148,601996510552;177,263490103885;148,601996510552;"NO";"NO"
"207";"2914109";499,887906060838;469,732997660682;469,732997660682;151,277649591975;151,277649591975;469,732997660682;151,277649591975;"NO";"NO"
"208";"2914208";207,078020616396;190,957870539741;190,957870539741;115,08999920725;115,08999920725;190,957870539741;115,08999920725;"NO";"NO"
"209";"2914307";252,497941028762;288,395418139612;252,497941028762;115,759430155195;115,759430155195;288,395418139612;115,759430155195;"NO";"NO"
"210";"2914406";396,069797915687;361,758981788226;361,758981788226;42,1665998505503;42,1665998505503;361,758981788226;42,1665998505503;"NO";"NO"
"211";"2914505";307,361818457573;105,897305773875;105,897305773875;23,2964635979956;105,897305773875;105,897305773875;140,152128805345;"NO";"NO"
"212";"2914604";492,852656653821;421,736563346835;421,736563346835;143,212388179596;143,212388179596;421,736563346835;143,212388179596;"NO";"YES"
"213";"2914703";288,847592619814;215,229080428571;215,229080428571;110,646823546556;110,646823546556;215,229080428571;110,646823546556;"NO";"NO"
"214";"2915007";288,8422399162;295,546454633136;288,8422399162;72,1509156748749;72,1509156748749;295,546454633136;72,1509156748749;"NO";"NO"
"215";"2915353";565,617399376696;486,82613649391;486,82613649391;215,146131639033;215,146131639033;486,82613649391;215,146131639033;"NO";"NO"
"216";"2915700";134,753629724759;173,860348120878;134,753629724759;89,6563172126851;89,6563172126851;173,860348120878;89,6563172126851;"NO";"NO"
"217";"2915908";296,499739352147;72,129489131863;72,129489131863;72,129489131863;72,129489131863;72,129489131863;149,530633617887;"NO";"NO"
"218";"2916104";216,653163339285;36,3321012370904;36,3321012370904;36,3321012370904;36,3321012370904;36,3321012370904;57,6234117331348;"NO";"NO"
"219";"2916500";411,49599593025;190,799526913082;190,799526913082;136,214308578278;190,799526913082;190,799526913082;197,814182626584;"NO";"NO"
"220";"2916708";177,78171042264;180,997771003108;177,78171042264;99,5821179409077;99,5821179409077;180,997771003108;99,5821179409077;"NO";"NO"
"221";"2916856";244,923629560908;154,90305444209;154,90305444209;103,359985590123;103,359985590123;154,90305444209;103,359985590123;"NO";"NO"
"222";"2916906";190,318661852638;208,509205774369;190,318661852638;127,478309956875;127,478309956875;208,509205774369;127,478309956875;"NO";"NO"
"223";"2917003";460,413310651739;292,373528361315;292,373528361315;192,020244749194;228,236182887604;292,373528361315;228,236182887604;"NO";"NO"
"224";"2917201";276,354920827882;347,784044217349;276,354920827882;126,922717238056;126,922717238056;347,784044217349;126,922717238056;"NO";"NO"
"225";"2917300";118,704663195998;129,380366175502;118,704663195998;53,0243091916009;53,0243091916009;129,380366175502;53,0243091916009;"NO";"NO"
"226";"2917508";439,1755008767;312,481599761494;312,481599761494;167,906204435406;167,906204435406;312,481599761494;167,906204435406;"NO";"YES"
"227";"2917607";171,594506586122;190,998296340219;171,594506586122;108,278559295876;108,278559295876;190,998296340219;108,278559295876;"NO";"NO"
"228";"2917706";541,128251270609;371,147556177462;371,147556177462;212,031949128599;212,031949128599;371,147556177462;212,031949128599;"NO";"NO"
"229";"2917805";187,562427370594;75,7408230898503;75,7408230898503;19,3881084329126;19,3881084329126;75,7408230898503;19,3881084329126;"NO";"NO"
"230";"2917904";388,691800491355;165,235147110407;165,235147110407;157,699477156126;165,235147110407;165,235147110407;241,683263420661;"NO";"NO"
"231";"2918100";542,047825603421;329,451597471709;329,451597471709;68,1226509992739;68,1226509992739;329,451597471709;68,1226509992739;"NO";"NO"
"232";"2918209";175,433668827911;144,388572442514;144,388572442514;64,2447591141824;64,2447591141824;144,388572442514;64,2447591141824;"NO";"NO"
"233";"2918308";130,73828456797;203,569444770002;130,73828456797;119,602337956406;119,602337956406;203,569444770002;119,602337956406;"NO";"NO"
"234";"2918357";483,183646126092;399,439513138443;399,439513138443;142,742188402686;142,742188402686;399,439513138443;142,742188402686;"NO";"NO"
"235";"2918407";598,553410467941;428,764262175821;428,764262175821;222,662870707361;222,662870707361;428,764262175821;222,662870707361;"NO";"YES"
"236";"2918506";526,525358499987;442,16297677844;442,16297677844;181,274734128668;181,274734128668;442,16297677844;181,274734128668;"NO";"NO"
"237";"2918605";312,245527788006;361,572712112725;312,245527788006;119,577738182462;119,577738182462;361,572712112725;119,577738182462;"NO";"NO"
"238";"2918704";188,036079342013;228,366210437355;188,036079342013;145,86474139674;145,86474139674;228,366210437355;145,86474139674;"NO";"NO"
"239";"2918753";353,952450801427;440,345319804562;353,952450801427;59,570511094634;171,848019496664;428,585320436122;171,848019496664;"NO";"NO"
"240";"2918803";185,557368940045;114,681974166563;114,681974166563;40,957626416591;40,957626416591;114,681974166563;40,957626416591;"NO";"NO"
"241";"2919009";341,140545676971;293,604753157806;293,604753157806;34,8869635013517;34,8869635013517;293,604753157806;34,8869635013517;"NO";"NO"
"242";"2919058";201,710859164239;221,035922658359;201,710859164239;140,883946532612;140,883946532612;221,035922658359;140,883946532612;"NO";"NO"
"243";"2919108";336,591833006806;140,295570613652;140,295570613652;46,9390048269974;140,295570613652;140,295570613652;168,458699232934;"NO";"NO"
"244";"2919157";472,920998762512;407,803105054633;407,803105054633;122,040426824147;122,040426824147;407,803105054633;122,040426824147;"NO";"NO"
"245";"2919207";229,133572204894;5,04908785229659;5,04908785229659;5,04908785229659;5,04908785229659;5,04908785229659;86,6079546451214;"NO";"NO"
"246";"2919306";363,494588543255;331,828680058838;331,828680058838;9,11931876770593;9,11931876770593;331,828680058838;9,11931876770593;"YES";"YES"
"247";"2919504";337,91334986052;409,711731162611;337,91334986052;92,6882003031121;166,095322600743;409,711731162611;166,095322600743;"NO";"NO"
"248";"2919553";806,974839914725;836,95483586695;806,974839914725;107,500076541165;107,500076541165;836,95483586695;107,500076541165;"NO";"NO"
"249";"2919603";326,95156974177;229,373601679831;229,373601679831;116,027842750113;116,027842750113;229,373601679831;116,027842750113;"NO";"NO"
"250";"2919801";438,245914373419;474,61545837662;438,245914373419;79,3774971690767;168,600973687092;474,61545837662;168,600973687092;"NO";"NO"
"251";"2919900";612,450301192177;406,463485290932;406,463485290932;74,1428367326224;74,1428367326224;406,463485290932;74,1428367326224;"NO";"NO"
"252";"2919926";233,410427732127;39,394762825485;39,394762825485;39,394762825485;39,394762825485;39,394762825485;72,2076958078379;"NO";"NO"
"253";"2920106";362,480024080937;239,333002391985;239,333002391985;146,066710912279;146,066710912279;239,333002391985;146,066710912279;"NO";"NO"
"254";"2920452";685,227710669549;660,08687540445;660,08687540445;143,910014547675;143,910014547675;660,08687540445;143,910014547675;"NO";"NO"
"255";"2920502";219,898653906806;250,567497683494;219,898653906806;136,703421720634;136,703421720634;250,567497683494;136,703421720634;"NO";"YES"
"256";"2920601";220,776066059484;67,5404131137396;67,5404131137396;52,7459162121231;52,7459162121231;67,5404131137396;52,7459162121231;"NO";"NO"
"257";"2920809";256,627419588595;256,497966333874;256,497966333874;97,7860753640668;97,7860753640668;256,497966333874;97,7860753640668;"NO";"NO"
"258";"2921005";275,105151760341;50,5360468787864;50,5360468787864;50,5360468787864;50,5360468787864;50,5360468787864;127,936808471219;"NO";"NO"
"259";"2921054";434,822713978773;510,8543414267;434,822713978773;44,9419414674386;235,290457456108;504,098253978134;235,290457456108;"NO";"NO"
"260";"2921203";413,223598407829;299,615371834323;299,615371834323;137,258302161072;137,258302161072;299,615371834323;137,258302161072;"NO";"NO"
"261";"2921302";227,521753659028;160,088278113465;160,088278113465;97,7174522856174;97,7174522856174;160,088278113465;97,7174522856174;"NO";"NO"
"262";"2921401";482,410919743419;351,362062149374;351,362062149374;197,984514767564;197,984514767564;351,362062149374;197,984514767564;"NO";"NO"
"263";"2921500";494,028859902597;307,434620632908;307,434620632908;171,721269652445;171,721269652445;307,434620632908;171,721269652445;"NO";"NO"
"264";"2921609";550,881295983561;528,866803101878;528,866803101878;171,900000871008;208,294627000294;528,866803101878;208,294627000294;"NO";"NO"
"265";"2921708";436,988536234457;348,327317381898;348,327317381898;113,184817236684;113,184817236684;348,327317381898;113,184817236684;"NO";"NO"
"266";"2921906";327,321130382789;342,442021761056;327,321130382789;67,9610967672744;67,9610967672744;342,442021761056;67,9610967672744;"NO";"NO"
"267";"2922052";412,567550101699;361,907668824944;361,907668824944;60,5565334248114;60,5565334248114;361,907668824944;60,5565334248114;"NO";"NO"
"268";"2922102";357,270806355348;265,423773249328;265,423773249328;97,219684465474;97,219684465474;265,423773249328;97,219684465474;"NO";"NO"
"269";"2922201";201,173604194773;83,8279155411469;83,8279155411469;34,6078515399041;34,6078515399041;83,8279155411469;34,6078515399041;"NO";"NO"
"270";"2922250";562,7095127046;567,745818799208;562,7095127046;116,600924710754;165,052318446525;567,745818799208;165,052318446525;"NO";"NO"
"271";"2922300";242,850626874703;88,6287517204912;88,6287517204912;50,439412973185;75,3358014484541;88,6287517204912;75,3358014484541;"NO";"NO"
"272";"2922409";174,093357203679;135,93215802137;135,93215802137;55,7425969921745;55,7425969921745;135,93215802137;55,7425969921745;"NO";"NO"
"273";"2922508";206,096518091365;71,816897734453;71,816897734453;37,9215541094236;37,9215541094236;71,816897734453;37,9215541094236;"NO";"NO"
"274";"2922607";128,793565793696;124,186868876924;124,186868876924;44,7649707020305;44,7649707020305;124,186868876924;44,7649707020305;"NO";"NO"
"275";"2922656";438,347124458507;256,409932850263;256,409932850263;158,244633188903;209,579740967931;256,409932850263;209,579740967931;"NO";"NO"
"276";"2922730";359,380428320666;201,893185767651;201,893185767651;102,276189120761;198,103348350928;201,893185767651;198,103348350928;"NO";"NO"
"277";"2922755";124,651845156022;170,04688378044;124,651845156022;86,6162515729473;86,6162515729473;170,04688378044;86,6162515729473;"NO";"NO"
"278";"2922805";223,69080836986;186,376253835646;186,376253835646;116,318350063913;116,318350063913;186,376253835646;116,318350063913;"NO";"NO"
"279";"2922854";315,044303644367;300,777992094447;300,777992094447;40,5395078441689;40,5395078441689;300,777992094447;40,5395078441689;"NO";"NO"
"280";"2922904";391,861824498583;179,189628292521;179,189628292521;106,196321125737;179,189628292521;179,189628292521;213,248544022799;"NO";"NO"
"281";"2923035";399,670781350374;413,181248153311;399,670781350374;100,661562900188;100,661562900188;413,181248153311;100,661562900188;"NO";"NO"
"282";"2923050";496,123201134835;281,364447253134;281,364447253134;109,187751616154;109,187751616154;281,364447253134;109,187751616154;"NO";"NO"
"283";"2923100";382,903402246676;164,760972701538;164,760972701538;105,302434739343;164,760972701538;164,760972701538;218,939255142046;"NO";"NO"
"284";"2923209";488,894764223887;484,394467806641;484,394467806641;130,642240107142;160,059512937113;484,394467806641;160,059512937113;"NO";"NO"
"285";"2923308";313,049276150901;105,607669579867;105,607669579867;34,6389884516285;105,607669579867;105,607669579867;146,912456250635;"NO";"NO"
"286";"2923357";495,298111066179;382,533846320355;382,533846320355;181,816351283083;181,816351283083;382,533846320355;181,816351283083;"NO";"NO"
"287";"2923506";370,223825884206;353,136938276707;353,136938276707;31,0825274488335;31,0825274488335;353,136938276707;31,0825274488335;"NO";"NO"
"288";"2923605";374,751387759602;430,001313434956;374,751387759602;93,7654444144278;155,217473563582;430,001313434956;155,217473563582;"NO";"NO"
"289";"2923704";495,308105258798;515,394877472186;495,308105258798;73,3888176173152;195,589761101687;515,394877472186;195,589761101687;"NO";"NO"
"290";"2923803";480,556556607201;257,663319787654;257,663319787654;139,841119898627;139,841119898627;257,663319787654;139,841119898627;"NO";"NO"
"291";"2924009";589,341832710947;372,852286398847;372,852286398847;15,9961324075078;15,9961324075078;372,852286398847;15,9961324075078;"YES";"YES"
"292";"2924058";331,729086851524;180,662432954975;180,662432954975;84,372712137716;171,240697483156;180,662432954975;171,240697483156;"NO";"NO"
"293";"2924108";300,064836476356;92,8081833015254;92,8081833015254;29,7269107771789;92,8081833015254;92,8081833015254;134,432510526665;"NO";"NO"
"294";"2924207";538,797634262636;317,363927476593;317,363927476593;80,3236241093851;80,3236241093851;317,363927476593;80,3236241093851;"NO";"NO"
"295";"2924306";364,43427728473;385,989150506975;364,43427728473;90,2249051578528;90,2249051578528;385,989150506975;90,2249051578528;"NO";"NO"
"296";"2924405";692,774493747734;613,618809031138;613,618809031138;308,632378091672;308,632378091672;613,618809031138;308,632378091672;"NO";"NO"
"297";"2924603";474,456091673733;326,787417331157;326,787417331157;219,684752613725;219,684752613725;326,787417331157;219,684752613725;"NO";"NO"
"298";"2924652";338,281883160567;206,032998026643;206,032998026643;114,022521856219;163,933252779365;206,032998026643;163,933252779365;"NO";"NO"
"299";"2924678";117,796646400772;151,292555341356;117,796646400772;70,0152637280252;70,0152637280252;151,292555341356;70,0152637280252;"NO";"NO"
"300";"2924801";385,047575463294;282,145076112088;282,145076112088;113,992760273312;113,992760273312;282,145076112088;113,992760273312;"NO";"NO"
"301";"2924900";226,552615603841;217,021210579509;217,021210579509;131,317591147619;131,317591147619;217,021210579509;131,317591147619;"NO";"NO"
"302";"2925204";285,148452989636;61,7105475187725;61,7105475187725;61,7105475187725;61,7105475187725;61,7105475187725;131,739514978303;"NO";"NO"
"303";"2925253";442,928144939736;291,436871871726;291,436871871726;190,88691724767;210,721106596744;291,436871871726;210,721106596744;"NO";"NO"
"304";"2925600";505,01062432075;438,105358652605;438,105358652605;152,958594794283;152,958594794283;438,105358652605;152,958594794283;"NO";"NO"
"305";"2925758";156,81299483075;132,935659346513;132,935659346513;49,0645047404184;49,0645047404184;132,935659346513;49,0645047404184;"NO";"NO"
"306";"2925808";423,122925635636;257,875549562777;257,875549562777;157,120274179504;228,007613640795;257,875549562777;228,007613640795;"NO";"NO"
"307";"2925907";447,012659834081;249,61365151596;249,61365151596;158,638457852822;176,5715060769;249,61365151596;176,5715060769;"NO";"NO"
"308";"2925931";397,887422869436;258,027471969178;258,027471969178;159,771331876655;176,153265749422;258,027471969178;176,153265749422;"NO";"NO"
"309";"2925956";266,263521536445;145,276691786003;145,276691786003;79,4368554347926;111,662393025352;145,276691786003;111,662393025352;"NO";"NO"
"310";"2926004";675,20898342829;564,204842185847;564,204842185847;336,393349519544;336,393349519544;564,204842185847;336,393349519544;"NO";"NO"
"311";"2926103";369,795325519593;195,365816373205;195,365816373205;94,7238178943401;195,365816373205;195,365816373205;204,336160036005;"NO";"NO"
"312";"2926202";757,614496714123;763,495768284865;757,614496714123;55,3223639261934;55,3223639261934;763,495768284865;55,3223639261934;"NO";"NO"
"313";"2926301";335,103025993825;170,366605906075;170,366605906075;70,7233777356561;170,366605906075;170,366605906075;170,820037499096;"NO";"NO"
"314";"2926400";452,802996543821;518,489178021311;452,802996543821;56,4949564440545;230,598237239465;518,489178021311;230,598237239465;"NO";"NO"
"315";"2926509";430,727437844914;214,106224628998;214,106224628998;146,930807140594;174,685056519801;214,106224628998;174,685056519801;"NO";"NO"
"316";"2926608";451,401945497174;237,330596282611;237,330596282611;153,789384196797;153,789384196797;237,330596282611;153,789384196797;"NO";"NO"
"317";"2926707";322,301755915088;377,958888479099;322,301755915088;128,581044962304;132,167206491612;377,958888479099;132,167206491612;"NO";"NO"
"318";"2926905";384,483227012254;415,690628751252;384,483227012254;118,936830232991;118,936830232991;415,690628751252;118,936830232991;"NO";"NO"
"319";"2927002";381,564968750285;157,163322510496;157,163322510496;129,981439497329;157,163322510496;157,163322510496;226,327631658929;"NO";"NO"
"320";"2927101";620,397896357214;410,10211281853;410,10211281853;51,680680681301;51,680680681301;410,10211281853;51,680680681301;"NO";"NO"
"321";"2927200";332,863627175043;261,553116819217;261,553116819217;74,7121955991757;74,7121955991757;261,553116819217;74,7121955991757;"NO";"NO"
"322";"2927309";215,665440303884;47,3754470435658;47,3754470435658;47,3754470435658;47,3754470435658;47,3754470435658;52,0926477284844;"NO";"NO"
"323";"2927408";222,109745521424;21,2270041541624;21,2270041541624;21,2270041541624;21,2270041541624;21,2270041541624;69,8131239612119;"YES";"YES"
"324";"2927507";318,294517396507;128,81868982297;128,81868982297;29,9527184626842;128,81868982297;128,81868982297;150,13047689013;"NO";"NO"
"325";"2927606";567,135665094926;348,365684737678;348,365684737678;41,8066115510863;41,8066115510863;348,365684737678;41,8066115510863;"NO";"NO"
"326";"2927903";190,955057007588;170,665862314956;170,665862314956;92,8067445140883;92,8067445140883;170,665862314956;92,8067445140883;"NO";"NO"
"327";"2928000";400,782789304166;226,133535223178;226,133535223178;125,900143183096;226,133535223178;226,133535223178;235,955871444013;"NO";"NO"
"328";"2928109";604,000700280995;657,853374521985;604,000700280995;105,442788321204;143,384402965106;657,853374521985;143,384402965106;"NO";"NO"
"329";"2928208";564,704158831328;609,93810628171;564,704158831328;61,8661254869429;159,217570168538;609,93810628171;159,217570168538;"NO";"NO"
"330";"2928307";314,911190184695;118,810150768718;118,810150768718;25,470521616133;118,810150768718;118,810150768718;146,932976649467;"NO";"NO"
"331";"2928406";732,46846762086;710,693487589317;710,693487589317;128,362773721959;128,362773721959;710,693487589317;128,362773721959;"NO";"NO"
"332";"2928505";237,594411174766;137,096869354833;137,096869354833;88,5033405109083;88,5033405109083;137,096869354833;88,5033405109083;"NO";"NO"
"333";"2928604";250,544978106324;60,9785762719133;60,9785762719133;43,4181983197706;60,9785762719133;60,9785762719133;84,4670864470035;"NO";"NO"
"334";"2928703";201,31377058572;98,6675523182975;98,6675523182975;40,9226116279372;40,9226116279372;98,6675523182975;40,9226116279372;"NO";"NO"
"335";"2928802";261,026407200328;113,880031374419;113,880031374419;49,4029891597075;96,4761606509512;113,880031374419;96,4761606509512;"NO";"NO"
"336";"2928901";732,699193601519;778,089601447477;732,699193601519;95,8035037518699;95,8035037518699;778,089601447477;95,8035037518699;"NO";"NO"
"337";"2928950";374,239214358869;208,570280422809;208,570280422809;107,830946688948;208,570280422809;208,570280422809;211,062333649047;"NO";"NO"
"338";"2929008";236,904172176082;77,8284662255727;77,8284662255727;53,4349667033711;68,7607610334816;77,8284662255727;68,7607610334816;"NO";"NO"
"339";"2929057";557,171802794937;622,629796331622;557,171802794937;74,5666983689442;194,575610419989;620,669352594454;194,575610419989;"NO";"NO"
"340";"2929107";218,734634080556;84,1992782361772;84,1992782361772;51,7279594112723;51,7279594112723;84,1992782361772;51,7279594112723;"NO";"NO"
"341";"2929206";243,447318547314;44,0803129288301;44,0803129288301;44,0803129288301;44,0803129288301;44,0803129288301;81,4325399280855;"NO";"NO"
"342";"2929255";505,788248683797;420,1791138089;420,1791138089;163,568972963398;163,568972963398;420,1791138089;163,568972963398;"NO";"NO"
"343";"2929305";265,479603011049;86,4909684359205;86,4909684359205;24,3798755724793;86,4909684359205;86,4909684359205;97,3317652942354;"NO";"NO"
"344";"2929370";385,56586107157;237,758024070754;237,758024070754;138,64846700837;187,591192751614;237,758024070754;187,591192751614;"NO";"NO"
"345";"2929404";199,444519037986;120,515834165215;120,515834165215;53,8712561360021;53,8712561360021;120,515834165215;53,8712561360021;"NO";"NO"
"346";"2929503";260,870035844829;47,3188732786207;47,3188732786207;47,3188732786207;47,3188732786207;47,3188732786207;101,586210304317;"NO";"NO"
"347";"2929602";232,016315395022;98,8584329913946;98,8584329913946;67,0941476916263;67,4984675700156;98,8584329913946;67,4984675700156;"NO";"NO"
"348";"2929701";362,840433595313;151,398729720729;151,398729720729;78,325428739896;151,398729720729;151,398729720729;196,474484515754;"NO";"NO"
"349";"2929750";227,453536021334;50,772837837626;50,772837837626;50,772837837626;50,772837837626;50,772837837626;62,3901936105956;"NO";"NO"
"350";"2929800";456,386939561929;315,512102381644;315,512102381644;198,870988013871;198,870988013871;315,512102381644;198,870988013871;"NO";"NO"
"351";"2929909";406,941886871934;390,753196553628;390,753196553628;66,4596525585477;66,4596525585477;390,753196553628;66,4596525585477;"NO";"NO"
"352";"2930105";494,098445550921;332,286767334222;332,286767334222;231,668998231923;236,325982959125;332,286767334222;236,325982959125;"NO";"NO"
"353";"2930154";522,458807852686;583,804784733476;522,458807852686;38,0475040619899;212,400773109745;583,804784733476;212,400773109745;"NO";"NO"
"354";"2930204";592,145012158606;475,843410641784;475,843410641784;264,747624135001;264,747624135001;475,843410641784;264,747624135001;"NO";"NO"
"355";"2930303";561,037037697925;594,397833999871;561,037037697925;65,787295307361;154,340583107494;594,397833999871;154,340583107494;"NO";"NO"
"356";"2930402";302,145621084168;144,645742752059;144,645742752059;51,8087808274822;138,100158378363;144,645742752059;138,100158378363;"NO";"NO"
"357";"2930501";348,728158215723;155,634345921473;155,634345921473;60,0286833175327;155,634345921473;155,634345921473;180,579432197867;"NO";"NO"
"358";"2930600";396,641619781603;265,982395558099;265,982395558099;160,544295394638;160,544295394638;265,982395558099;160,544295394638;"NO";"NO"
"359";"2930709";236,653404277804;17,7055431382413;17,7055431382413;17,7055431382413;17,7055431382413;17,7055431382413;86,7943931898637;"NO";"NO"
"360";"2930758";526,900815954955;559,252471666278;526,900815954955;45,5943627465735;187,577152484047;559,252471666278;187,577152484047;"NO";"NO"
"361";"2930766";505,525486793076;286,015023395015;286,015023395015;103,089574862067;103,089574862067;286,015023395015;103,089574862067;"NO";"NO"
"362";"2930774";603,832288633425;453,780944392094;453,780944392094;288,542473936284;288,542473936284;453,780944392094;288,542473936284;"NO";"NO"
"363";"2930808";429,25139113397;389,30399095415;389,30399095415;75,1029432937401;75,1029432937401;389,30399095415;75,1029432937401;"NO";"NO"
"364";"2930907";611,484425023512;635,331746478103;611,484425023512;102,887102352738;102,887102352738;635,331746478103;102,887102352738;"NO";"NO"
"365";"2931053";403,137900870555;462,41117627665;403,137900870555;75,5933161937875;181,128452557486;462,41117627665;181,128452557486;"NO";"NO"
"366";"2931103";317,040340827465;134,753002577017;134,753002577017;33,9884634198554;134,753002577017;134,753002577017;149,230879904792;"NO";"NO"
"367";"2931202";139,159485050889;122,581685724392;122,581685724392;39,7993878058751;39,7993878058751;122,581685724392;39,7993878058751;"NO";"NO"
"368";"2931301";376,850256473003;291,585878768329;291,585878768329;85,5587669469407;85,5587669469407;291,585878768329;85,5587669469407;"NO";"NO"
"369";"2931400";285,790181452243;78,3353748426362;78,3353748426362;31,7683808527785;78,3353748426362;78,3353748426362;121,067074843634;"NO";"NO"
"370";"2931509";369,545133087112;172,755986888693;172,755986888693;80,2696989640714;172,755986888693;172,755986888693;201,371902952951;"NO";"NO"
"371";"2931608";148,308789343314;146,020628514807;146,020628514807;61,6937620354656;61,6937620354656;146,020628514807;61,6937620354656;"NO";"NO"
"372";"2931707";272,453795951594;64,8002180492702;64,8002180492702;39,3775727616014;64,8002180492702;64,8002180492702;108,946038069431;"NO";"NO"
"373";"2931905";424,00198840239;218,203484442055;218,203484442055;134,417747968898;185,55242695147;218,203484442055;185,55242695147;"NO";"NO"
"374";"2932002";545,394698395861;354,810262142905;354,810262142905;143,929021392512;143,929021392512;354,810262142905;143,929021392512;"NO";"NO"
"375";"2932101";184,125402423278;152,649258896894;152,649258896894;74,4685215524625;74,4685215524625;152,649258896894;74,4685215524625;"NO";"NO"
"376";"2932309";95,4705079895302;184,738308536747;95,4705079895302;95,4705079895302;95,4705079895302;184,738308536747;95,4705079895302;"NO";"NO"
"377";"2932408";505,368024159819;444,954326543967;444,954326543967;151,658946820831;151,658946820831;444,954326543967;151,658946820831;"NO";"NO"
"378";"2932457";527,45440003863;409,890091932414;409,890091932414;211,888355226113;211,888355226113;409,890091932414;211,888355226113;"NO";"NO"
"379";"2932804";376,947280840069;313,226132352076;313,226132352076;52,6908828062169;52,6908828062169;313,226132352076;52,6908828062169;"NO";"NO"
"380";"2932903";163,405892803778;106,222719911285;106,222719911285;22,541528459173;22,541528459173;106,222719911285;22,541528459173;"YES";"YES"
"381";"2933000";382,38482560083;208,685369836312;208,685369836312;108,123138992878;208,685369836312;208,685369836312;217,38343363554;"NO";"YES"
"382";"2933059";372,625406428485;237,622323342054;237,622323342054;141,621256215268;165,081808812692;237,622323342054;165,081808812692;"NO";"NO"
"383";"2933109";388,243259583393;264,634869095066;264,634869095066;147,623596672736;147,623596672736;264,634869095066;147,623596672736;"NO";"NO"
"384";"2933158";462,571380559356;354,987392310983;354,987392310983;152,89488254369;152,89488254369;354,987392310983;152,89488254369;"NO";"NO"
"385";"2933174";209,386157215245;116,057096219626;116,057096219626;57,32455068795;57,32455068795;116,057096219626;57,32455068795;"NO";"NO"
"386";"2933208";203,458070574287;41,9381331218531;41,9381331218531;41,9381331218531;41,9381331218531;41,9381331218531;45,3979879262625;"NO";"YES"
"387";"2933406";366,150941694743;315,833907188433;315,833907188433;31,2019409687766;31,2019409687766;315,833907188433;31,2019409687766;"NO";"NO"
"388";"2933455";624,031906187033;619,365271338712;619,365271338712;123,722791420485;123,722791420485;619,365271338712;123,722791420485;"NO";"NO"
"389";"2933505";145,812987948673;161,523332680332;145,812987948673;77,1756927830935;77,1756927830935;161,523332680332;77,1756927830935;"NO";"NO"
"390";"2933604";586,327397012118;529,616539047436;529,616539047436;232,037863950248;232,037863950248;529,616539047436;232,037863950248;"NO";"NO"
"391";"2902005";257,035678542794;367,736183996379;257,035678542794;77,4251733125101;77,4251733125101;336,070951172571;77,4251733125101;"NO";"NO"
"392";"2903706";138,47965101553;261,523924049839;138,47965101553;87,995045988015;87,995045988015;260,972383865089;87,995045988015;"NO";"NO"
"393";"2904605";295,143155782306;390,134500963937;295,143155782306;114,187923391054;117,631866099395;376,266936395751;117,631866099395;"NO";"YES"
"394";"2905156";210,000730876318;321,439741233149;210,000730876318;59,6999732716485;59,6999732716485;305,715565204625;59,6999732716485;"NO";"NO"
"395";"2905206";383,595613742009;464,326403358484;383,595613742009;40,9374913584752;201,303396612052;457,232673858126;201,303396612052;"NO";"NO"
"396";"2907103";526,646128159419;610,852916444441;526,646128159419;96,5343362311721;249,001137047307;577,809555593571;249,001137047307;"NO";"NO"
"397";"2908101";667,35047027599;766,468876920573;667,35047027599;238,782249644414;268,488218218959;692,891750794663;268,488218218959;"NO";"NO"
"398";"2910776";565,575038904645;653,879022875978;565,575038904645;131,165389339222;242,224466572424;609,276009143484;242,224466572424;"NO";"NO"
"399";"2911501";83,7037948032203;203,997321697642;83,7037948032203;83,7037948032203;83,7037948032203;203,997321697642;83,7037948032203;"NO";"NO"
"400";"2911709";413,761088118657;507,442979727671;413,761088118657;7,99407649570098;223,159129843829;471,536084371311;223,159129843829;"NO";"YES"
"401";"2912004";357,381917061902;457,354133555598;357,381917061902;48,446518666492;167,779158692524;419,854689924382;167,779158692524;"NO";"NO"
"402";"2912707";94,1657225904255;175,420729891251;94,1657225904255;94,1657225904255;94,1657225904255;175,420729891251;94,1657225904255;"NO";"NO"
"403";"2914901";51,9809573756331;184,471308711724;51,9809573756331;51,9809573756331;51,9809573756331;184,471308711724;51,9809573756331;"NO";"NO"
"404";"2915106";129,072410033812;230,635766006151;129,072410033812;119,044897952407;119,044897952407;230,635766006151;119,044897952407;"NO";"NO"
"405";"2915205";106,159695273611;220,775350117016;106,159695273611;106,159695273611;106,159695273611;220,775350117016;106,159695273611;"NO";"NO"
"406";"2917334";487,380653891613;590,452223194914;487,380653891613;90,6111744268399;292,000510324765;526,241002025792;292,000510324765;"NO";"NO"
"407";"2917359";696,470330453064;780,819895942766;696,470330453064;221,233339271273;221,233339271273;733,323991520683;221,233339271273;"NO";"NO"
"408";"2918001";158,719618347038;224,734627031037;158,719618347038;133,648434324071;133,648434324071;224,734627031037;133,648434324071;"NO";"YES"
"409";"2920205";501,592687169804;594,076030609429;501,592687169804;97,1370862119253;278,917416399643;548,357506485918;278,917416399643;"NO";"NO"
"410";"2920304";307,344102617269;413,288540252062;307,344102617269;98,4821718151693;119,973141775037;375,97801320116;119,973141775037;"NO";"NO"
"411";"2920403";183,933164889347;272,045768016936;183,933164889347;96,0587104271007;96,0587104271007;272,045768016936;96,0587104271007;"NO";"NO"
"412";"2920700";74,1387859944288;164,542318449199;74,1387859944288;74,1387859944288;74,1387859944288;164,542318449199;74,1387859944288;"NO";"YES"
"413";"2921450";199,896495542306;298,75558195907;199,896495542306;77,632355078269;77,632355078269;298,75558195907;77,632355078269;"NO";"NO"
"414";"2923407";456,619083889692;548,090628733261;456,619083889692;51,0464998058493;264,954614551194;509,966087123476;264,954614551194;"NO";"NO"
"415";"2926806";333,510702867695;435,58420105654;333,510702867695;72,3206959177937;145,081617849184;399,260331934433;145,081617849184;"NO";"NO"
"416";"2931004";244,60129776316;339,784252719391;244,60129776316;87,0275410671164;87,0275410671164;339,784252719391;87,0275410671164;"NO";"NO"
"417";"2932200";73,7342511157504;191,721890998989;73,7342511157504;73,7342511157504;73,7342511157504;191,721890998989;73,7342511157504;"NO";"NO"
